REGION,GENE
YAL054C,ACS1
YAR015W,ADE1
YAL049C,AIM2
YAL020C,ATS1
YAL060W,BDH1
YAL061W,BDH2
YAL044W-A,BOL1
YAL046C,BOL3
YAR014C,BUD14
YAL021C,CCR4
YAR019C,CDC15
YAL038W,CDC19
YAL041W,CDC24
YAL040C,CLN3
YAL058W,CNE1
YAL039C,CYC3
YAL012W,CYS3
YAL013W,DEP1
YAR023C,DFP1
YAR029W,DFP2
YAL026C,DRS2
YAL059W,ECM1
YAL003W,EFB1
YAR002C-A,ERP1
YAL007C,ERP2
YAL042W,ERV46
YAL053W,FLC2
YAR050W,FLO1
YAL063C,FLO9
YAL028W,FRT2
YAL035W,FUN12
YAL008W,FUN14
YAL034C,FUN19
YAL022C,FUN26
YAL019W,FUN30
YAL044C,GCV3
YAL062W,GDH3
YAL048C,GEM1
YAL031C,GIP4
YAL056W,GPB2
YAR073W,IMD1
YAR018C,KIN3
YAR028W,KTD1
YAL018C,LDS1
YAL024C,LTE1
YAL025C,MAK16
YAL010C,MDM10
YAR033W,MST28
YAL034W-A,MTW1
YAL029C,MYO4
YAL015C,NTG1
YAR002W,NUP60
YAL051W,OAF1
YAR020C,PAU7
YAL068C,PAU8
YAL055W,PEX22
YAR071W,PHO11
YAL023C,PMT2
YAL033W,POP5
YAR031W,PRM9
YAL032C,PRP45
YAL017W,PSK1
YAL043C,PTA1
YAL036C,RBG1
YAR007C,RFA1
YAL027W,SAW1
YAR008W,SEN34
YAL067C,SEO1
YAL030W,SNC1
YAL047C,SPC72
YAL009W,SPO7
YAL005C,SSA1
YAL011W,SWC3
YAR003W,SWD1
YAR042W,SWH1
YAL014C,SYN8
YAL064C-A,TDA8
YAL001C,TFC3
YAL016W,TPD3
YAR027W,UIP3
YAL002W,VPS8
YAR035W,YAT1
YAL004W,YAL004W
YAL016C-A,YAL016C-A
YAL016C-B,YAL016C-B
YAL019W-A,YAL019W-A
YAL026C-A,YAL026C-A
YAL031W-A,YAL031W-A
YAL034C-B,YAL034C-B
YAL037C-A,YAL037C-A
YAL037C-B,YAL037C-B
YAL037W,YAL037W
YAL042C-A,YAL042C-A
YAL045C,YAL045C
YAL047W-A,YAL047W-A
YAL056C-A,YAL056C-A
YAL059C-A,YAL059C-A
YAL063C-A,YAL063C-A
YAL064W,YAL064W
YAL064W-B,YAL064W-B
YAL065C,YAL065C
YAL066W,YAL066W
YAL067W-A,YAL067W-A
YAL068W-A,YAL068W-A
YAL069W,YAL069W
YAR009C,YAR009C
YAR010C,YAR010C
YAR019W-A,YAR019W-A
YAR030C,YAR030C
YAR035C-A,YAR035C-A
YAR043C,YAR043C
YAR044W,YAR044W
YAR047C,YAR047C
YAR052C,YAR052C
YAR053W,YAR053W
YAR060C,YAR060C
YAR061W,YAR061W
YAR062W,YAR062W
YAR064W,YAR064W
YAR066W,YAR066W
YAR068W,YAR068W
YAR069C,YAR069C
YAR070C,YAR070C
YAR074C,YAR074C
YAR075W,YAR075W
YBR085W,AAC3
YBL074C,AAR2
YBR236C,ABD1
YBL015W,ACH1
YBR145W,ADH5
YBR132C,AGP2
YBR108W,AIM3
YBR194W,AIM4
YBR059C,AKL1
YBR110W,ALG1
YBR070C,ALG14
YBL082C,ALG3
YBR243C,ALG7
YBL009W,ALK2
YBR211C,AME1
YBR158W,AMN1
YBR151W,APD1
YBR286W,APE3
YBL037W,APL3
YBR288C,APM3
YBL019W,APN2
YBR149W,ARA1
YBR234C,ARC40
YBR164C,ARL1
YBR249C,ARO4
YBL069W,AST1
YBR217W,ATG12
YBR128C,ATG14
YBR139W,ATG42
YBL078C,ATG8
YBL099W,ATP1
YBR039W,ATP3
YBL089W,AVT5
YBR068C,BAP2
YBR200W,BEM1
YBR270C,BIT2
YBR141C,BMT2
YBL098W,BNA4
YBL085W,BOI1
YBL097W,BRN1
YBR290W,BSD2
YBR120C,CBP6
YBR131W,CCZ1
YBL084C,CDC27
YBR160W,CDC28
YBR029C,CDS1
YBR274W,CHK1
YBR038W,CHS2
YBR023C,CHS3
YBR135W,CKS1
YBL059C-A,CMC2
YBR109C,CMD1
YBR063C,CNM1
YBR155W,CNS1
YBR003W,COQ1
YBR230W-A,COQ21
YBL045C,COR1
YBR203W,COS111
YBR302C,COS2
YBR016W,CPP1
YBR036C,CSG2
YBR161W,CSH1
YBR042C,CST26
YBR291C,CTP1
YBR112C,CYC8
YBR233W-A,DAD3
YBR201W,DER1
YBR278W,DPB3
YBR007C,DSF2
YBR180W,DTR1
YBR281C,DUG2
YBR208C,DUR12
YBR252W,DUT1
YBL043W,ECM13
YBL001C,ECM15
YBR065C,ECM2
YBL101C,ECM21
YBR176W,ECM31
YBR078W,ECM33
YBR076W,ECM8
YBL047C,EDE1
YBR033W,EDS1
YBR271W,EFM2
YBR177C,EHT1
YBR247C,ENP1
YBL040C,ERD2
YBR239C,ERT1
YBR210W,ERV15
YBR026C,ETR1
YBR163W,EXO5
YBR102C,EXO84
YBR041W,FAT1
YBR101C,FES1
YBR040W,FIG1
YBR008C,FLR1
YBR047W,FMP23
YBL013W,FMT1
YBR207W,FTH1
YBL042C,FUI1
YBR021W,FUR4
YBL016W,FUS3
YBR179C,FZO1
YBR020W,GAL1
YBR019C,GAL10
YBR018C,GAL7
YBR187W,GDT1
YBR045C,GIP1
YBR004C,GPI18
YBR244W,GPX2
YBR121C,GRS1
YBR014C,GRX7
YBL021C,HAP3
YBL032W,HEK2
YBR009C,HHF1
YBR010W,HHT1
YBL008W,HIR1
YBR248C,HIS7
YBR034C,HMT1
YBR215W,HPC2
YBR133C,HSL7
YBR272C,HSM3
YBR072W,HSP26
YBL003C,HTA2
YBL002W,HTB2
YBL059W,IAI11
YBR157C,ICS2
YBR159W,IFA38
YBL076C,ILS1
YBR107C,IML3
YBR011C,IPP1
YBR140C,IRA1
YBR086C,IST2
YBR245C,ISW1
YBR017C,KAP104
YBL063W,KIP1
YBL071W-A,KTI11
YBR205W,KTR3
YBR199W,KTR4
YBL010C,LAA2
YBL006C,LDB7
YBR204C,LDH1
YBL026W,LSM2
YBR115C,LYS2
YBR142W,MAK5
YBR298C,MAL31
YBR299W,MAL32
YBR297W,MAL33
YBL091C,MAP2
YBR185C,MBA1
YBL023C,MCM2
YBR202W,MCM7
YBR227C,MCX1
YBR136W,MEC1
YBR193C,MED8
YBR126W-A,MEO1
YBR213W,MET8
YBR262C,MIC12
YBL039W-B,MIN6
YBR201C-A,MIN7
YBR084W,MIS1
YBL107C,MIX23
YBR098W,MMS4
YBR056W-A,MNC1
YBR015C,MNN2
YBL049W,MOH1
YBL090W,MRP21
YBL038W,MRPL16
YBR282W,MRPL27
YBR122C,MRPL36
YBR268W,MRPL37
YBR251W,MRPS5
YBR146W,MRPS9
YBR056W,MRX18
YBL095W,MRX3
YBR195C,MSI1
YBR255W,MTC4
YBR119W,MUD1
YBR057C,MUM2
YBL024W,NCL1
YBR212W,NGR1
YBR089C-A,NHP6B
YBR170C,NPL4
YBR066C,NRG2
YBR188C,NTC20
YBR001C,NTH2
YBL079W,NUP170
YBR025C,OLA1
YBR230C,OM14
YBR129C,OPY1
YBR060C,ORC2
YBR279W,PAF1
YBR301W,PAU24
YBL108C-A,PAU9
YBR233W,PBP2
YBR094W,PBY1
YBR295W,PCA1
YBR186W,PCH2
YBR222C,PCS60
YBR221C,PDB1
YBL005W,PDR3
YBR035C,PDX3
YBL017C,PEP1
YBL080C,PET112
YBL030C,PET9
YBR168W,PEX32
YBR074W,PFF1
YBR196C,PGI1
YBR092C,PHO3
YBR093C,PHO5
YBR296C,PHO89
YBL022C,PIM1
YBL051C,PIN4
YBL105C,PKC1
YBR022W,POA1
YBL035C,POL12
YBR088C,POL30
YBR257W,POP4
YBR167C,POP7
YBL018C,POP8
YBR276C,PPS1
YBL041W,PRE7
YBR237W,PRP5
YBR055C,PRP6
YBL068W,PRS4
YBL064C,PRX1
YBL046W,PSY4
YBL056W,PTC3
YBR125C,PTC4
YBL057C,PTH2
YBR218C,PYC2
YBR043C,QDR3
YBR114W,RAD16
YBR255C-A,RCF3
YBR005W,RCR1
YBR073W,RDH54
YBR049C,REB1
YBR050C,REG2
YBR267W,REI1
YBR002C,RER2
YBR087W,RFC5
YBR052C,RFS1
YBL020W,RFT1
YBR260C,RGD1
YBL033C,RIB1
YBR256C,RIB5
YBR153W,RIB7
YBR275C,RIF1
YBR192W,RIM2
YBR030W,RKM3
YBR229C,ROT2
YBL093C,ROX3
YBR154C,RPB5
YBR079C,RPG1
YBR084C-A,RPL19A
YBL027W,RPL19B
YBR191W,RPL21A
YBL087C,RPL23A
YBL092W,RPL32
YBR031W,RPL4A
YBR048W,RPS11B
YBR181C,RPS6B
YBL072C,RPS8A
YBR189W,RPS9B
YBL025W,RRN10
YBL014C,RRN6
YBL048W,RRT1
YBR246W,RRT2
YBR147W,RTC2
YBL103C,RTG3
YBR095C,RXT2
YBR280C,SAF1
YBL052C,SAS3
YBR037C,SCO1
YBR024W,SCO2
YBL091C-A,SCS22
YBL011W,SCT1
YBR269C,SDH8
YBR214W,SDS24
YBL104C,SEA4
YBL050W,SEC17
YBR080C,SEC18
YBR171W,SEC66
YBL066C,SEF1
YBL102W,SFT2
YBL031W,SHE1
YBR130C,SHE3
YBR258C,SHG1
YBR263W,SHM1
YBL058W,SHP1
YBR103W,SIF2
YBL061C,SKT5
YBL007C,SLA1
YBR156C,SLI15
YBR077C,SLM4
YBR266C,SLM6
YBR228W,SLX1
YBR182C,SMP1
YBR172C,SMY2
YBR106W,SND3
YBR289W,SNF5
YBR250W,SPO23
YBR152W,SPP381
YBR081C,SPT7
YBR253W,SRB6
YBL106C,SRO77
YBL075C,SSA3
YBR169C,SSE2
YBR283C,SSH1
YBL034C,STU1
YBR294W,SUL1
YBR143C,SUP45
YBR111W-A,SUS1
YBR231C,SWC5
YBR175W,SWD3
YBR261C,TAE1
YBR198C,TAF5
YBR069C,TAT1
YBR150C,TBS1
YBR044C,TCM62
YBR223C,TDP1
YBR083W,TEC1
YBR118W,TEF2
YBL088C,TEL1
YBR123C,TFC1
YBR240C,THI2
YBR091C,TIM12
YBR067C,TIP1
YBR117C,TKL2
YBL054W,TOD6
YBR162C,TOS1
YBR126C,TPS1
YBR061C,TRM7
YBR254C,TRS20
YBR265W,TSC10
YBR058C-A,TSC3
YBR296C-A,TYC1
YBR166C,TYR1
YBR082C,UBC4
YBL067C,UBP13
YBR058C,UBP14
YBR165W,UBS1
YBR273C,UBX7
YBR006W,UGA2
YBR173C,UMP1
YBL039C,URA7
YBL004W,UTP20
YBR293W,VBA2
YBR235W,VHC1
YBR105C,VID24
YBR127C,VMA2
YBR097W,VPS15
YBR241C,VVS1
YBR216C,YBP1
YBL060W,YEL1
YBR104W,YMC2
YBR183W,YPC1
YBR028C,YPK3
YBR264C,YPT10
YBR054W,YRO2
YBR111C,YSA1
YBR148W,YSW1
YBR162W-A,YSY6
YBR046C,ZTA1
YBL005W-A,YBL005W-A
YBL005W-B,YBL005W-B
YBL006W-A,YBL006W-A
YBL008W-A,YBL008W-A
YBL012C,YBL012C
YBL028C,YBL028C
YBL029C-A,YBL029C-A
YBL029W,YBL029W
YBL036C,YBL036C
YBL039C-A,YBL039C-A
YBL044W,YBL044W
YBL053W,YBL053W
YBL055C,YBL055C
YBL062W,YBL062W
YBL065W,YBL065W
YBL068W-A,YBL068W-A
YBL070C,YBL070C
YBL071C,YBL071C
YBL071C-B,YBL071C-B
YBL073W,YBL073W
YBL077W,YBL077W
YBL081W,YBL081W
YBL083C,YBL083C
YBL086C,YBL086C
YBL094C,YBL094C
YBL096C,YBL096C
YBL100C,YBL100C
YBL100W-A,YBL100W-A
YBL100W-B,YBL100W-B
YBL100W-C,YBL100W-C
YBL103C-A,YBL103C-A
YBL107W-A,YBL107W-A
YBL108W,YBL108W
YBL109W,YBL109W
YBL111C,YBL111C
YBL112C,YBL112C
YBL113C,YBL113C
YBL113W-A,YBL113W-A
YBR012C,YBR012C
YBR012W-A,YBR012W-A
YBR012W-B,YBR012W-B
YBR013C,YBR013C
YBR027C,YBR027C
YBR032W,YBR032W
YBR051W,YBR051W
YBR053C,YBR053C
YBR056C-B,YBR056C-B
YBR062C,YBR062C
YBR064W,YBR064W
YBR071W,YBR071W
YBR072C-A,YBR072C-A
YBR075W,YBR075W
YBR076C-A,YBR076C-A
YBR085C-A,YBR085C-A
YBR089W,YBR089W
YBR090C,YBR090C
YBR096W,YBR096W
YBR099C,YBR099C
YBR100W,YBR100W
YBR103C-A,YBR103C-A
YBR109W-A,YBR109W-A
YBR113W,YBR113W
YBR116C,YBR116C
YBR121C-A,YBR121C-A
YBR124W,YBR124W
YBR126W-B,YBR126W-B
YBR131C-A,YBR131C-A
YBR134W,YBR134W
YBR137W,YBR137W
YBR138C,YBR138C
YBR141W-A,YBR141W-A
YBR144C,YBR144C
YBR174C,YBR174C
YBR178W,YBR178W
YBR182C-A,YBR182C-A
YBR184W,YBR184W
YBR190W,YBR190W
YBR191W-A,YBR191W-A
YBR196C-A,YBR196C-A
YBR196C-B,YBR196C-B
YBR197C,YBR197C
YBR200W-A,YBR200W-A
YBR206W,YBR206W
YBR209W,YBR209W
YBR219C,YBR219C
YBR220C,YBR220C
YBR221W-A,YBR221W-A
YBR223W-A,YBR223W-A
YBR224W,YBR224W
YBR225W,YBR225W
YBR226C,YBR226C
YBR232C,YBR232C
YBR238C,YBR238C
YBR242W,YBR242W
YBR259W,YBR259W
YBR277C,YBR277C
YBR284W,YBR284W
YBR285W,YBR285W
YBR287W,YBR287W
YBR292C,YBR292C
YBR298C-A,YBR298C-A
YBR300C,YBR300C
YCR107W,AAD3
YCR088W,ABP1
YCL058W-A,ADF1
YCR105W,ADH7
YCR011C,ADP1
YCR010C,ADY2
YCL025C,AGP1
YCR082W,AHC2
YCL050C,APA1
YCR048W,ARE1
YCR068W,ATG15
YCL038C,ATG22
YCL029C,BIK1
YCR032W,BPH1
YCR047C,BUD23
YCL014W,BUD3
YCR063W,BUD31
YCR038C,BUD5
YCR002C,CDC10
YCR093W,CDC39
YCR094W,CDC50
YCL064C,CHA1
YCR005C,CIT2
YCR069W,CPR4
YCR086W,CSM1
YCR015C,CTO1
YCR054C,CTR86
YCR017C,CWH43
YCL016C,DCC1
YCR007C,DFP3
YCR075W-A,EGO2
YCR034W,ELO2
YCR100C,EMA35
YCL045C,EMC1
YCR075C,ERS1
YCR028C,FEN2
YCR089W,FIG2
YCL026C-A,FRM2
YCR076C,FUB1
YCL027W,FUS1
YCL058C,FYV5
YCL011C,GBP2
YCL073C,GEX1
YCL036W,GFD2
YCL039W,GID7
YCR098C,GIT1
YCL040W,GLK1
YCL035C,GRX1
YCL026C-B,HBN1
YCR065W,HCM1
YCL030C,HIS4
YCL066W,HMLALPHA1
YCL067C,HMLALPHA2
YCR097W,HMRA1
YCR096C,HMRA2
YCR021C,HSP30
YCR020W-B,HTL1
YCL009C,ILV6
YCR046C,IMG1
YCR071C,IMG2
YCL055W,KAR4
YCL024W,KCC4
YCR091W,KIN82
YCL059C,KRR1
YCL005W,LDB16
YCL018W,LEU2
YCL051W,LRE1
YCL034W,LSB5
YCR020C-A,MAK31
YCR019W,MAK32
YCR040W,MATALPHA1
YCR039C,MATALPHA2
YCL044C,MGR1
YCL057C-A,MIC10
YCL061C,MRC1
YCR003W,MRPL32
YCR092C,MSH3
YCL033C,MXR2
YCL017C,NFS1
YCR026C,NPP1
YCR095C,OCA4
YCR077C,PAT1
YCR104W,PAU3
YCL052C,PBN1
YCL043C,PDI1
YCR044C,PER1
YCR020C,PET18
YCL056C,PEX34
YCR012W,PGK1
YCL004W,PGS1
YCR037C,PHO87
YCR024C-A,PMP1
YCL047C,POF1
YCR014C,POL4
YCL057W,PRD1
YCR079W,PTC6
YCR057C,PWP2
YCR066W,RAD18
YCR036W,RBK1
YCR016W,RBP95
YCR106W,RDS1
YCL054W-A,RDT1
YCL001W,RER1
YCR027C,RHB1
YCR028C-A,RIM1
YCL028W,RNQ1
YCR031C,RPS14A
YCR035C,RRP43
YCL031C,RRP7
YCR045C,RRT12
YCR072C,RSA4
YCR052W,RSC6
YCR009C,RVS161
YCR008W,SAT4
YCR067C,SED4
YCL010C,SGF29
YCR024C,SLM5
YCR033W,SNT1
YCR073W-A,SOL2
YCL054W,SPB1
YCL048W,SPS22
YCR081W,SRB8
YCR018C,SRD1
YCL037C,SRO9
YCR073C,SSK22
YCL032W,STE50
YCL008C,STP22
YCR030C,SYP1
YCR042C,TAF2
YCR060W,TAH1
YCR053W,THR4
YCR083W,TRX3
YCR084C,TUP1
YCR061W,TVS1
YCL063W,VAC17
YCL069W,VBA3
YCL005W-A,VMA9
YCR004C,YCP4
YCR059C,YIH1
YCL001W-A,YCL001W-A
YCL001W-B,YCL001W-B
YCL002C,YCL002C
YCL003W,YCL003W
YCL006C,YCL006C
YCL007C,YCL007C
YCL012C,YCL012C
YCL012W,YCL012W
YCL013W,YCL013W
YCL019W,YCL019W
YCL020W,YCL020W
YCL021W,YCL021W
YCL021W-A,YCL021W-A
YCL022C,YCL022C
YCL023C,YCL023C
YCL026C,YCL026C
YCL041C,YCL041C
YCL042W,YCL042W
YCL046W,YCL046W
YCL048W-A,YCL048W-A
YCL049C,YCL049C
YCL053C,YCL053C
YCL060C,YCL060C
YCL062W,YCL062W
YCL065W,YCL065W
YCL068C,YCL068C
YCL074W,YCL074W
YCL075W,YCL075W
YCL076W,YCL076W
YCLX01W,YCLX01W
YCLX02C,YCLX02C
YCLX03C,YCLX03C
YCLX04W,YCLX04W
YCLX05C,YCLX05C
YCLX06C,YCLX06C
YCLX07W,YCLX07W
YCLX09W,YCLX09W
YCLX10C,YCLX10C
YCLX11W,YCLX11W
YCLX12W,YCLX12W
YCR001W,YCR001W
YCR006C,YCR006C
YCR013C,YCR013C
YCR018C-A,YCR018C-A
YCR022C,YCR022C
YCR023C,YCR023C
YCR024C-B,YCR024C-B
YCR025C,YCR025C
YCR029C,YCR029C
YCR029C-A,YCR029C-A
YCR038W-A,YCR038W-A
YCR041W,YCR041W
YCR043C,YCR043C
YCR045W-A,YCR045W-A
YCR047W-A,YCR047W-A
YCR049C,YCR049C
YCR050C,YCR050C
YCR051W,YCR051W
YCR055C,YCR055C
YCR056W,YCR056W
YCR058C,YCR058C
YCR062W,YCR062W
YCR064C,YCR064C
YCR070W,YCR070W
YCR074C,YCR074C
YCR080W,YCR080W
YCR081C-A,YCR081C-A
YCR085W,YCR085W
YCR087C-A,YCR087C-A
YCR087W,YCR087W
YCR090C,YCR090C
YCR095W-A,YCR095W-A
YCR097WA,YCR097WA
YCR097W-A,YCR097W-A
YCR099C,YCR099C
YCR101C,YCR101C
YCR102C,YCR102C
YCR102W-A,YCR102W-A
YCR103C,YCR103C
YCR108C,YCR108C
YCRX01W,YCRX01W
YCRX02C,YCRX02C
YCRX03C,YCRX03C
YCRX04W,YCRX04W
YCRX05W,YCRX05W
YCRX06W,YCRX06W
YCRX07W,YCRX07W
YCRX08W,YCRX08W
YCRX09C,YCRX09C
YCRX10W,YCRX10W
YCRX11W,YCRX11W
YCRX12W,YCRX12W
YCRX14W,YCRX14W
YCRX15W,YCRX15W
YCRX16C,YCRX16C
YCRX17W,YCRX17W
YCRX18C,YCRX18C
YCRX19W,YCRX19W
YCRX20C,YCRX20C
YCRX21C,YCRX21C
YDL243C,AAD4
YDL203C,ACK1
YDR161W,ACL4
YDR448W,ADA2
YDR408C,ADE8
YDR226W,ADK1
YDR216W,ADR1
YDL239C,ADY3
YDR085C,AFR1
YDR524C,AGE1
YDR214W,AHA1
YDL073W,AHK1
YDL237W,AIM6
YDR063W,AIM7
YDL175C,AIR2
YDL180W,AIT1
YDR264C,AKR1
YDR111C,ALT2
YDR242W,AMD2
YDR530C,APA2
YDL008W,APC11
YDR118W,APC4
YDR525W,API2
YDR441C,APT2
YDL192W,ARF1
YDL137W,ARF2
YDR173C,ARG82
YDR376W,ARH1
YDR127W,ARO1
YDR380W,ARO10
YDR035W,ARO3
YDR421W,ARO80
YDR106W,ARP10
YDL029W,ARP2
YDR101C,ARX1
YDL197C,ASF2
YDL088C,ASM4
YDR321W,ASP1
YDR184C,ATC1
YDL113C,ATG20
YDR022C,ATG31
YDL149W,ATG9
YDR384C,ATO3
YDL004W,ATP16
YDR377W,ATP17
YDR350C,ATP22
YDR298C,ATP5
YDR046C,BAP3
YDR361C,BCP1
YDR375C,BCS1
YDL070W,BDF2
YDR299W,BFR2
YDR099W,BMH2
YDR428C,BNA7
YDL141W,BPL1
YDL074C,BRE1
YDL231C,BRE4
YDL037C,BSC1
YDR252W,BTT1
YDR241W,BUD26
YDL151C,BUD30
YDL099W,BUG1
YDR531W,CAB1
YDR196C,CAB5
YDR423C,CAD1
YDL069C,CBS1
YDR197W,CBS2
YDR270W,CCC2
YDL143W,CCT4
YDR188W,CCT6
YDR134C,CCW22
YDR182W,CDC1
YDL220C,CDC13
YDR054C,CDC34
YDL165W,CDC36
YDR168W,CDC37
YDR364C,CDC40
YDL126C,CDC48
YDL132W,CDC53
YDL017W,CDC7
YDL164C,CDC9
YDR301W,CFT1
YDR254W,CHL4
YDR267C,CIA1
YDR387C,CIN10
YDL155W,CLB3
YDR461C-A,CMI8
YDL156W,CMR1
YDR357C,CNL1
YDR381C-A,COI1
YDL145C,COP1
YDR204W,COQ4
YDL248W,COS7
YDR231C,COX20
YDR119W-A,COX26
YDL067C,COX9
YDR210W,CPP2
YDR034W-B,CPP3
YDR155C,CPR1
YDR304C,CPR5
YDL142C,CRD1
YDR223W,CRF1
YDR179C,CSN9
YDR256C,CTA1
YDR151C,CTH1
YDR371W,CTS2
YDR163W,CWC15
YDL209C,CWC2
YDR482C,CWC21
YDL117W,CYK3
YDR430C,CYM1
YDR016C,DAD1
YDR320C-A,DAD4
YDR020C,DAS2
YDR052C,DBF4
YDL031W,DBP10
YDR051C,DET1
YDR411C,DFM1
YDL160C,DHH1
YDL024C,DIA3
YDR480W,DIG2
YDR263C,DIN7
YDR403W,DIT1
YDR402C,DIT2
YDL174C,DLD1
YDL178W,DLD2
YDL157C,DMO2
YDR093W,DNF2
YDR069C,DOA4
YDR273W,DON1
YDR141C,DOP1
YDR068W,DOS2
YDR440W,DOT1
YDR121W,DPB4
YDR294C,DPL1
YDR284C,DPP1
YDL219W,DTD1
YDL101C,DUN1
YDR370C,DXO1
YDR424C,DYN2
YDR359C,EAF1
YDR206W,EBS1
YDR446W,ECM11
YDR125C,ECM18
YDR385W,EFT2
YDR036C,EHD3
YDR147W,EKI1
YDR056C,EMC10
YDR512C,EMI1
YDR516C,EMI2
YDR040C,ENA1
YDR039C,ENA2
YDR038C,ENA5
YDL161W,ENT1
YDR153C,ENT5
YDR414C,ERD1
YDL018C,ERP3
YDR363W,ESC2
YDR365C,ESF1
YDR518W,EUG1
YDR261C,EXG2
YDL121C,EXP1
YDL045C,FAD1
YDR021W,FAL1
YDL166C,FAP7
YDR339C,FCF1
YDR539W,FDC1
YDR130C,FIN1
YDR534C,FIT1
YDR236C,FMN1
YDR070C,FMP16
YDL222C,FMP45
YDR110W,FOB1
YDR519W,FPR2
YDR373W,FRQ1
YDR024W,FYV1
YDR009W,GAL3
YDR211W,GCD6
YDR283C,GCN2
YDL226C,GCS1
YDR019C,GCV1
YDL215C,GDH2
YDL100C,GET3
YDR358W,GGA1
YDL198C,GGC1
YDR309C,GIC2
YDL176W,GID12
YDR507C,GIN4
YDR152W,GIR2
YDR096W,GIS1
YDL207W,GLE1
YDR272W,GLO2
YDL171C,GLT1
YDR506C,GMC1
YDR508C,GNP1
YDL022W,GPD1
YDR302W,GPI11
YDR434W,GPI17
YDR437W,GPI19
YDR331W,GPI8
YDL021W,GPM2
YDL035C,GPR1
YDR517W,GRH1
YDR513W,GRX2
YDR098C,GRX3
YDL010W,GRX6
YDR221W,GTB1
YDL238C,GUD1
YDR454C,GUK1
YDL234C,GYP7
YDL223C,HBT1
YDR295C,HDA2
YDR014W-A,HED1
YDR458C,HEH2
YDR266C,HEL2
YDR232W,HEM1
YDR047W,HEM12
YDR044W,HEM13
YDL119C,HEM25
YDL205C,HEM3
YDR317W,HIM1
YDR420W,HKR1
YDR528W,HLR1
YDR174W,HMO1
YDL125C,HNT1
YDR305C,HNT2
YDL227C,HO
YDR158W,HOM2
YDR138W,HPR1
YDR399W,HPT1
YDR291W,HRQ1
YDR533C,HSP31
YDR171W,HSP42
YDR258C,HSP78
YDR191W,HST4
YDR225W,HTA1
YDR224C,HTB1
YDL245C,HXT15
YDR345C,HXT3
YDR343C,HXT6
YDR342C,HXT7
YDL066W,IDP1
YDR090C,ILT1
YDL181W,INH1
YDR287W,INM2
YDR123C,INO2
YDR315C,IPK1
YDR072C,IPT1
YDR112W,IRC2
YDR332W,IRC3
YDR540C,IRC4
YDR497C,ITR1
YDR229W,IVY1
YDL115C,IWR1
YDR492W,IZH1
YDR475C,JIP4
YDR017C,KCS1
YDR367W,KEI1
YDR148C,KGD2
YDR122W,KIN1
YDL108W,KIN28
YDL049C,KNH1
YDR483W,KRE2
YDR532C,KRE28
YDR037W,KRS1
YDR062W,LCB2
YDR499W,LCD1
YDL146W,LDB17
YDL051W,LHP1
YDR503C,LPP1
YDL240W,LRG1
YDR439W,LRS4
YDR378C,LSM6
YDL087C,LUC7
YDR034C,LYS14
YDL182W,LYS20
YDL131W,LYS21
YDR234W,LYS4
YDR005C,MAF1
YDR060W,MAK21
YDL056W,MBP1
YDL003W,MCD1
YDL054C,MCH1
YDR318W,MCM21
YDL078C,MDH3
YDL005C,MED2
YDR253C,MET32
YDR461W,MFA1
YDR219C,MFB1
YDL233W,MFG1
YDR286C,MGP12
YDL200C,MGT1
YDL160C-A,MHF2
YDR296W,MHR1
YDR031W,MIX14
YDR144C,MKC7
YDR245W,MNN10
YDR366C,MOR1
YDL247W,MPH2
YDL028C,MPS1
YDR033W,MRH1
YDL079C,MRK1
YDR347W,MRP1
YDL045W-A,MRP10
YDR405W,MRP20
YDR116C,MRPL1
YDL202W,MRPL11
YDR462W,MRPL28
YDR322W,MRPL35
YDR237W,MRPL7
YDR337W,MRPS28
YDR282C,MRX10
YDR115W,MRX14
YDR132C,MRX16
YDL183C,MRX19
YDR336W,MRX8
YDL027C,MRX9
YDR205W,MSC2
YDL154W,MSH5
YDR097C,MSH6
YDR335W,MSN5
YDR194C,MSS116
YDL107W,MSS2
YDR208W,MSS4
YDR268W,MSW1
YDR128W,MTC5
YDL044C,MTF2
YDR277C,MTH1
YDR140W,MTQ2
YDR386W,MUS81
YDR493W,MZM1
YDL040C,NAT1
YDR162C,NBP2
YDR397C,NCB2
YDL085W,NDE2
YDR176W,NGG1
YDL002C,NHP10
YDL208W,NHP2
YDR456W,NHX1
YDR383C,NKP1
YDL014W,NOP1
YDL148C,NOP14
YDL213C,NOP6
YDL046W,NPC2
YDR432W,NPL3
YDR043C,NRG1
YDL167C,NRP1
YDR288W,NSE3
YDL105W,NSE4
YDR026C,NSI1
YDR001C,NTH1
YDR150W,NUM1
YDR192C,NUP42
YDL116W,NUP84
YDL089W,NUR1
YDL193W,NUS1
YDR179W-A,NVJ3
YDR067C,OCA6
YDR316W,OMS1
YDL096C,OPI6
YDR360W,OPI7
YDL019C,OSH2
YDL232W,OST4
YDR071C,PAA1
YDR488C,PAC11
YDR538W,PAD1
YDR348C,PAL1
YDR251W,PAM1
YDL173W,PAR32
YDR542W,PAU10
YDL053C,PBP4
YDR228C,PCF11
YDL127W,PCL2
YDL179W,PCL9
YDR081C,PDC2
YDR406W,PDR15
YDR113C,PDS1
YDR323C,PEP7
YDR079W,PET100
YDR265W,PEX10
YDL065C,PEX19
YDR479C,PEX29
YDR329C,PEX3
YDR244W,PEX5
YDR142C,PEX7
YDR459C,PFA5
YDR306C,PFU1
YDR281C,PHM6
YDL236W,PHO13
YDL106C,PHO2
YDR481C,PHO8
YDR374C,PHO92
YDR313C,PIB1
YDR490C,PKH1
YDR466W,PKH3
YDR501W,PLM2
YDR183W,PLP1
YDR276C,PMP3
YDL095W,PMT1
YDL093W,PMT5
YDR307W,PMT7
YDL102W,POL3
YDL134C,PPH21
YDL188C,PPH22
YDR075W,PPH3
YDR435C,PPM1
YDR452W,PPN1
YDR436W,PPZ2
YDL039C,PRM7
YDR300C,PRO1
YDL043C,PRP11
YDR243C,PRP28
YDR473C,PRP3
YDR235W,PRP42
YDL030W,PRP9
YDL214C,PRR2
YDL055C,PSA1
YDR013W,PSF1
YDR505C,PSP1
YDR055W,PST1
YDR032C,PST2
YDL006W,PTC1
YDL230W,PTP1
YDR496C,PUF6
YDL036C,PUS9
YDR529C,QCR7
YDL103C,QRI1
YDL104C,QRI7
YDR030C,RAD28
YDR419W,RAD30
YDR314C,RAD34
YDR076W,RAD55
YDR004W,RAD57
YDL059C,RAD59
YDR014W,RAD61
YDR217C,RAD9
YDL090C,RAM1
YDR202C,RAV2
YDR527W,RBA50
YDL189W,RBS1
YDR003W,RCR2
YDL135C,RDI1
YDR195W,REF2
YDR028C,REG1
YDR379W,RGA2
YDR137W,RGP1
YDL138W,RGT2
YDR487C,RIB3
YDR198C,RKM2
YDR257C,RKM4
YDR091C,RLI1
YDL001W,RMD1
YDR255C,RMD5
YDR465C,RMT2
YDR279W,RNH202
YDR156W,RPA14
YDR404C,RPB7
YDR045C,RPC11
YDL150W,RPC53
YDR418W,RPL12B
YDL082W,RPL13A
YDR471W,RPL27B
YDL075W,RPL31A
YDL191W,RPL35A
YDL136W,RPL35B
YDR500C,RPL37B
YDL184C,RPL41A
YDL133C-A,RPL41B
YDR012W,RPL4B
YDL020C,RPN4
YDL147W,RPN5
YDL097C,RPN6
YDR427W,RPN9
YDL140C,RPO21
YDL081C,RPP1A
YDL130W,RPP1B
YDR382W,RPP2B
YDR025W,RPS11A
YDR064W,RPS13
YDL083C,RPS16B
YDR447C,RPS17B
YDR450W,RPS18A
YDL061C,RPS29B
YDL007W,RPT2
YDR394W,RPT3
YDR333C,RQC1
YDR065W,RRG1
YDL216C,RRI1
YDR087C,RRP1
YDR412W,RRP17
YDL111C,RRP42
YDR280W,RRP45
YDR083W,RRP8
YDR303C,RSC3
YDR041W,RSM10
YDR175C,RSM24
YDR494W,RSM28
YDL025C,RTK1
YDR233C,RTN1
YDL204W,RTN2
YDR066C,RTR2
YDR289C,RTT103
YDR139C,RUB1
YDR190C,RVB1
YDR388W,RVS167
YDL076C,RXT3
YDR159W,SAC3
YDR129C,SAC6
YDR389W,SAC7
YDR502C,SAM2
YDR143C,SAN1
YDL153C,SAS10
YDR181C,SAS4
YDR351W,SBE2
YDR180W,SCC2
YDL139C,SCM3
YDR469W,SDC1
YDR178W,SDH4
YDR379C-A,SDH6
YDR511W,SDH7
YDR164C,SEC1
YDR498C,SEC20
YDR238C,SEC26
YDL195W,SEC31
YDR166C,SEC5
YDR170C,SEC7
YDR077W,SED1
YDR363W-A,SEM1
YDR023W,SES1
YDL168W,SFA1
YDR393W,SHE9
YDL212W,SHR3
YDL225W,SHS1
YDR078C,SHU2
YDR422C,SIP1
YDL042C,SIR2
YDR227W,SIR4
YDL047W,SIT4
YDR409W,SIZ1
YDR328C,SKP1
YDL052C,SLC1
YDR489W,SLD5
YDR515W,SLF1
YDL033C,SLM3
YDR088C,SLU7
YDL013W,SLX5
YDR189W,SLY1
YDR510W,SMT3
YDR525W-A,SNA2
YDL123W,SNA4
YDR186C,SND1
YDR477W,SNF1
YDR073W,SNF11
YDL194W,SNF3
YDR478W,SNM1
YDR011W,SNQ2
YDL098C,SNU23
YDR240C,SNU56
YDR425W,SNX41
YDR006C,SOK1
YDL246C,SOR2
YDR356W,SPC110
YDR201W,SPC19
YDR504C,SPG3
YDR104C,SPO71
YDR464W,SPP41
YDR218C,SPR28
YDR523C,SPS1
YDR522C,SPS2
YDR392W,SPT3
YDR308C,SRB7
YDL133W,SRF1
YDR292C,SRP101
YDL092W,SRP14
YDL229W,SSB1
YDR293C,SSD1
YDR312W,SSF2
YDR443C,SSN2
YDR086C,SSS1
YDR160W,SSY1
YDR169C,STB3
YDR410C,STE14
YDR103W,STE5
YDL159W,STE7
YDL130W-A,STF1
YDR536W,STL1
YDR082W,STN1
YDR463W,STP1
YDL048C,STP4
YDL084W,SUB2
YDR310C,SUM1
YDR172W,SUP35
YDR297W,SUR2
YDR346C,SVF1
YDR320C,SWA2
YDR126W,SWF1
YDR146C,SWI5
YDR260C,SWM1
YDR334W,SWR1
YDR395W,SXM1
YDR416W,SYF1
YDL063C,SYO1
YDR167W,TAF10
YDR145W,TAF12
YDR212W,TCP1
YDR311W,TFB1
YDR460W,TFB3
YDR079C-A,TFB5
YDR362C,TFC6
YDR058C,TGL2
YDL244W,THI13
YDL080C,THI3
YDR438W,THI74
YDR429C,TIF35
YDR322C-A,TIM11
YDL217C,TIM22
YDR275W,TLD1
YDR468C,TLG1
YDL110C,TMA17
YDR117C,TMA64
YDR107C,TMN2
YDR105C,TMS1
YDR457W,TOM1
YDR050C,TPI1
YDR074W,TPS2
YDR120C,TRM1
YDL112W,TRM3
YDL201W,TRM8
YDR165W,TRM82
YDR007W,TRP1
YDR354W,TRP4
YDR353W,TRR1
YDR407C,TRS120
YDR246W,TRS23
YDR472W,TRS31
YDR108W,TRS85
YDR453C,TSA2
YDL015C,TSC13
YDL060W,TSR1
YDR100W,TVP15
YDR084C,TVP23
YDR390C,UBA2
YDR177W,UBC1
YDR092W,UBC13
YDR059C,UBC5
YDL064W,UBC9
YDL122W,UBP1
YDL091C,UBX3
YDR330W,UBX5
YDL190C,UFD2
YDL170W,UGA3
YDL210W,UGA4
YDR470C,UGO1
YDL169C,UGX2
YDR207C,UME6
YDR213W,UPC2
YDR185C,UPS3
YDR520C,URC2
YDR400W,URH1
YDL058W,USO1
YDR324C,UTP4
YDR398W,UTP5
YDR449C,UTP6
YDL077C,VAM6
YDR119W,VBA4
YDL128W,VCX1
YDR247W,VHS1
YDL185W,VMA1
YDR049W,VMS1
YDR495C,VPS3
YDR080W,VPS41
YDR484W,VPS52
YDR027C,VPS54
YDR486C,VPS60
YDR136C,VPS61
YDR200C,VPS64
YDR485C,VPS72
YDR372C,VPS74
YDR089W,VTC5
YDL224C,WHI4
YDR374W-A,WIP1
YDR369C,XRS2
YDR259C,YAP6
YDR135C,YCF1
YDR325W,YCG1
YDL206W,YCX1
YDL072C,YET3
YDL120W,YFH1
YDR319C,YFT2
YDR451C,YHP1
YDR057W,YOS9
YDL235C,YPD1
YDR352W,YPQ2
YDR368W,YPR1
YDR349C,YPS7
YDR381W,YRA1
YDR002W,YRB1
YDR545W,YRF1-1
YDR326C,YSP2
YDR285W,ZIP1
YDL007C-A,YDL007C-A
YDL009C,YDL009C
YDL011C,YDL011C
YDL012C,YDL012C
YDL016C,YDL016C
YDL022C-A,YDL022C-A
YDL023C,YDL023C
YDL025W-A,YDL025W-A
YDL026W,YDL026W
YDL032W,YDL032W
YDL034W,YDL034W
YDL038C,YDL038C
YDL041W,YDL041W
YDL050C,YDL050C
YDL057W,YDL057W
YDL062W,YDL062W
YDL068W,YDL068W
YDL071C,YDL071C
YDL085C-A,YDL085C-A
YDL086C-A,YDL086C-A
YDL086W,YDL086W
YDL094C,YDL094C
YDL109C,YDL109C
YDL114W,YDL114W
YDL114W-A,YDL114W-A
YDL118W,YDL118W
YDL124W,YDL124W
YDL129W,YDL129W
YDL144C,YDL144C
YDL152W,YDL152W
YDL158C,YDL158C
YDL159C-B,YDL159C-B
YDL159W-A,YDL159W-A
YDL162C,YDL162C
YDL163W,YDL163W
YDL172C,YDL172C
YDL177C,YDL177C
YDL185C-A,YDL185C-A
YDL186W,YDL186W
YDL187C,YDL187C
YDL196W,YDL196W
YDL199C,YDL199C
YDL211C,YDL211C
YDL218W,YDL218W
YDL221W,YDL221W
YDL228C,YDL228C
YDL240C-A,YDL240C-A
YDL241W,YDL241W
YDL242W,YDL242W
YDL247W-A,YDL247W-A
YDR003W-A,YDR003W-A
YDR008C,YDR008C
YDR010C,YDR010C
YDR015C,YDR015C
YDR018C,YDR018C
YDR029W,YDR029W
YDR034C-A,YDR034C-A
YDR034C-C,YDR034C-C
YDR034C-D,YDR034C-D
YDR042C,YDR042C
YDR048C,YDR048C
YDR053W,YDR053W
YDR061W,YDR061W
YDR094W,YDR094W
YDR095C,YDR095C
YDR098C-A,YDR098C-A
YDR098C-B,YDR098C-B
YDR102C,YDR102C
YDR109C,YDR109C
YDR114C,YDR114C
YDR118W-A,YDR118W-A
YDR124W,YDR124W
YDR131C,YDR131C
YDR133C,YDR133C
YDR149C,YDR149C
YDR154C,YDR154C
YDR157W,YDR157W
YDR169C-A,YDR169C-A
YDR170W-A,YDR170W-A
YDR182W-A,YDR182W-A
YDR183C-A,YDR183C-A
YDR187C,YDR187C
YDR193W,YDR193W
YDR194W-A,YDR194W-A
YDR199W,YDR199W
YDR203W,YDR203W
YDR209C,YDR209C
YDR210C-C,YDR210C-C
YDR210C-D,YDR210C-D
YDR210W-A,YDR210W-A
YDR210W-B,YDR210W-B
YDR215C,YDR215C
YDR220C,YDR220C
YDR222W,YDR222W
YDR230W,YDR230W
YDR239C,YDR239C
YDR246W-A,YDR246W-A
YDR248C,YDR248C
YDR249C,YDR249C
YDR250C,YDR250C
YDR261C-C,YDR261C-C
YDR261C-D,YDR261C-D
YDR261W-A,YDR261W-A
YDR261W-B,YDR261W-B
YDR262W,YDR262W
YDR269C,YDR269C
YDR271C,YDR271C
YDR274C,YDR274C
YDR278C,YDR278C
YDR290W,YDR290W
YDR316W-A,YDR316W-A
YDR316W-B,YDR316W-B
YDR320W-B,YDR320W-B
YDR327W,YDR327W
YDR338C,YDR338C
YDR340W,YDR340W
YDR341C,YDR341C
YDR344C,YDR344C
YDR354C-A,YDR354C-A
YDR355C,YDR355C
YDR365W-A,YDR365W-A
YDR365W-B,YDR365W-B
YDR371C-A,YDR371C-A
YDR391C,YDR391C
YDR396W,YDR396W
YDR401W,YDR401W
YDR406W-A,YDR406W-A
YDR413C,YDR413C
YDR415C,YDR415C
YDR417C,YDR417C
YDR426C,YDR426C
YDR431W,YDR431W
YDR433W,YDR433W
YDR442W,YDR442W
YDR444W,YDR444W
YDR445C,YDR445C
YDR455C,YDR455C
YDR464C-A,YDR464C-A
YDR467C,YDR467C
YDR474C,YDR474C
YDR476C,YDR476C
YDR491C,YDR491C
YDR509W,YDR509W
YDR510C-A,YDR510C-A
YDR514C,YDR514C
YDR521W,YDR521W
YDR524C-A,YDR524C-A
YDR524C-B,YDR524C-B
YDR524W-C,YDR524W-C
YDR526C,YDR526C
YDR535C,YDR535C
YDR537C,YDR537C
YDR541C,YDR541C
YDR543C,YDR543C
YDR544C,YDR544C
YDR545C-A,YDR545C-A
YIL044C,AGE2
YIL087C,AIM19
YIL158W,AIM20
YIR003W,AIM21
YIL079C,AIR1
YIL040W,APQ12
YIL062C,ARC15
YIL130W,ASG1
YIL146C,ATG32
YIL156W-B,ATG44
YIL088C,AVT7
YIL140W,AXL2
YIL124W,AYR1
YIL015W,BAR1
YIL033C,BCY1
YIL004C,BET1
YIL096C,BMT5
YIL159W,BNR1
YIL083C,CAB2
YIL034C,CAP2
YIL043C,CBR1
YIL142W,CCT2
YIL003W,CFD1
YIL035C,CKA1
YIL002W-A,CMI7
YIL157C,COA1
YIL111W,COX5B
YIL132C,CSM2
YIL169C,CSS1
YIL036W,CST6
YIR027C,DAL1
YIR029W,DAL2
YIR032C,DAL3
YIR028W,DAL4
YIR031C,DAL7
YIR023W,DAL81
YIR030C,DCG1
YIL049W,DFG10
YIR004W,DJP1
YIL010W,DOT5
YIL103W,DPH1
YIR010W,DSN1
YIL064W,EFM4
YIR007W,EGH1
YIL029C,EMA17
YIL027C,EMC5
YIL005W,EPS1
YIL151C,ESL1
YIL009C-A,EST3
YIL009W,FAA3
YIL019W,FAF1
YIL065C,FIS1
YIL131C,FKH1
YIR019C,FLO11
YIL134W,FLX1
YIL098C,FMC1
YIL097W,FYV10
YIR013C,GAT4
YIL053W,GPP1
YIR038C,GTT1
YIL155C,GUT2
YIL041W,GVP36
YIL116W,HIS5
YIL020C,HIS6
YIL072W,HOP1
YIL112W,HOS4
YIL110W,HPM1
YIL170W,HXT12
YIR037W,HYR1
YIL090W,ICE2
YIL172C,IMA3
YIL154C,IMP21
YIR024C,INA22
YIL002C,INP51
YIR036C,IRC24
YIL026C,IRR1
YIR005W,IST3
YIL125W,KGD1
YIL085C,KTR7
YIR034C,LYS1
YIL094C,LYS12
YIL070C,MAM33
YIL150C,MCM10
YIL128W,MET18
YIR017C,MET28
YIL046W,MET30
YIR033W,MGA2
YIL149C,MLP2
YIL051C,MMF1
YIR025W,MND2
YIL014W,MNT3
YIL106W,MOB1
YIR002C,MPH1
YIR021W,MRS1
YIR009W,MSL1
YIL007C,NAS2
YIL144W,NDC80
YIL048W,NEO1
YIL164C,NIT1
YIL038C,NOT3
YIR035C,NRE1
YIL115C,NUP159
YIL136W,OM45
YIR006C,PAN1
YIL145C,PAN6
YIL176C,PAU14
YIR041W,PAU15
YIL071C,PCI8
YIL050W,PCL7
YIL013C,PDR11
YIL107C,PFK26
YIL045W,PIG2
YIL042C,PKP1
YIL122W,POG1
YIL114C,POR2
YIL160C,POT1
YIR008C,PRI1
YIL095W,PRK1
YIL037C,PRM2
YIL117C,PRM5
YIL120W,QDR1
YIL121W,QDR2
YIL077C,RCI37
YIL139C,REV7
YIL057C,RGI2
YIL118W,RHO3
YIL066C,RNR3
YIL021W,RPB3
YIL119C,RPI1
YIL133C,RPL16A
YIL018W,RPL2B
YIL052C,RPL34B
YIL148W,RPL40A
YIL075C,RPN2
YIR015W,RPR2
YIL069C,RPS24B
YIL153W,RRD1
YIL127C,RRT14
YIL093C,RSM25
YIL167W,SDL1
YIL113W,SDP1
YIL084C,SDS3
YIR022W,SEC11
YIL109C,SEC24
YIL076W,SEC28
YIL068C,SEC6
YIL074C,SER33
YIL099W,SGA1
YIR001C,SGN1
YIL104C,SHQ1
YIL123W,SIM1
YIL105C,SLM1
YIL147C,SLN1
YIL161W,SMU2
YIL016W,SNL1
YIL061C,SNP1
YIL166C,SOA1
YIL073C,SPO22
YIR012W,SQT1
YIL143C,SSL2
YIL030C,SSM4
YIL126W,STH1
YIR011C,STS1
YIL162W,SUC2
YIL047C,SYG1
YIL129C,TAO3
YIL039W,TED1
YIL078W,THS1
YIL022W,TIM44
YIL011W,TIR3
YIL137C,TMA108
YIL138C,TPM2
YIL156W,UBP7
YIL031W,ULP2
YIL008W,URM1
YIL091C,UTP25
YIL056W,VHR1
YIL135C,VHS2
YIL017C,VID28
YIR014W,VLD1
YIL152W,VPR1
YIL173W,VTH1
YIL101C,XBP1
YIR018W,YAP5
YIL006W,YIA6
YIL023C,YKE4
YIR039C,YPS6
YIL063C,YRB2
YIR026C,YVH1
YIL001W,YIL001W
YIL012W,YIL012W
YIL014C-A,YIL014C-A
YIL020C-A,YIL020C-A
YIL021C-A,YIL021C-A
YIL024C,YIL024C
YIL025C,YIL025C
YIL028W,YIL028W
YIL029W-A,YIL029W-A
YIL030W-A,YIL030W-A
YIL032C,YIL032C
YIL046W-A,YIL046W-A
YIL047C-A,YIL047C-A
YIL054W,YIL054W
YIL055C,YIL055C
YIL058W,YIL058W
YIL059C,YIL059C
YIL060W,YIL060W
YIL066W-A,YIL066W-A
YIL067C,YIL067C
YIL068W-A,YIL068W-A
YIL071W-A,YIL071W-A
YIL080W,YIL080W
YIL082W,YIL082W
YIL082W-A,YIL082W-A
YIL086C,YIL086C
YIL089W,YIL089W
YIL092W,YIL092W
YIL100C-A,YIL100C-A
YIL100W,YIL100W
YIL102C,YIL102C
YIL102C-A,YIL102C-A
YIL105W-A,YIL105W-A
YIL108W,YIL108W
YIL115W-A,YIL115W-A
YIL134C-A,YIL134C-A
YIL141W,YIL141W
YIL142C-A,YIL142C-A
YIL156W-A,YIL156W-A
YIL163C,YIL163C
YIL165C,YIL165C
YIL168W,YIL168W
YIL171W,YIL171W
YIL171W-A,YIL171W-A
YIL174W,YIL174W
YIL175W,YIL175W
YIL177C,YIL177C
YIL177W-A,YIL177W-A
YIR016W,YIR016W
YIR017W-A,YIR017W-A
YIR018C-A,YIR018C-A
YIR020C,YIR020C
YIR020C-B,YIR020C-B
YIR020W-A,YIR020W-A
YIR021W-A,YIR021W-A
YIR023C-A,YIR023C-A
YIR030W-A,YIR030W-A
YIR036W-A,YIR036W-A
YIR040C,YIR040C
YIR042C,YIR042C
YIR043C,YIR043C
YIR044C,YIR044C
Q0050,AI1
Q0055,AI2
Q0060,AI3
Q0065,AI4
Q0070,AI5_ALPHA
Q0075,AI5_BETA
Q0085,ATP6
Q0080,ATP8
Q0110,BI2
Q0115,BI3
Q0120,BI4
Q0105,COB
Q0045,COX1
Q0250,COX2
Q0275,COX3
Q0130,OLI1
Q0160,SCEI
Q0140,VAR1
Q0010,Q0010
Q0017,Q0017
Q0032,Q0032
Q0092,Q0092
Q0142,Q0142
Q0143,Q0143
Q0144,Q0144
Q0182,Q0182
Q0255,Q0255
Q0297,Q0297
YER045C,ACA1
YER170W,ADK2
YEL052W,AFG1
YER017C,AFG3
YER087W,AIM10
YER093C-A,AIM11
YER080W,AIM9
YER073W,ALD5
YEL036C,ANP1
YER036C,ARB1
YER069W,ARG56
YER101C,AST2
YEL064C,AVT2
YER119C,AVT6
YER167W,BCK2
YER155C,BEM2
YER016W,BIM1
YER177W,BMH1
YER114C,BOI2
YER172C,BRR2
YEL029C,BUD16
YER014C-A,BUD25
YER159C,BUR6
YER048C,CAJ1
YEL063C,CAN1
YER168C,CCA1
YER061C,CEM1
YER164W,CHD1
YER026C,CHO1
YER030W,CHZ1
YEL061C,CIN8
YER157W,COG3
YER130C,COM2
YER141W,COX15
YEL039C,CYC7
YER143W,DDI1
YEL071W,DLD3
YER179W,DMC1
YER166W,DNF1
YER088C,DOT6
YER124C,DSE1
YEL070W,DSF1
YEL018W,EAF5
YEL030W,ECM10
YER176W,ECM32
YER035W,EDC2
YEL015W,EDC3
YER140W,EMP65
YER044C,ERG28
YER015W,FAA2
YER183C,FAU1
YER056C,FCY2
YER060W,FCY21
YER060W-A,FCY22
YER032W,FIR1
YER109C,FLO8
YER182W,FMP10
YER038W-A,FMP49
YER004W,FMP52
YEL047C,FRD1
YER145C,FTR1
YER027C,GAL83
YER025W,GCD11
YER163C,GCG1
YEL009C,GCN4
YEL042W,GDA1
YER136W,GDI1
YEL022W,GEA2
YER083C,GET2
YEL003W,GIM4
YER054C,GIP2
YEL011W,GLC3
YER133W,GLC7
YER107C,GLE2
YER040W,GLN3
YER122C,GLO3
YEL046C,GLY1
YER020W,GPA2
YER062C,GPP2
YER174C,GRX4
YEL043W,GTA1
YEL017W,GTT3
YEL056W,HAT2
YER014W,HEM14
YEL059W,HHY1
YER055C,HIS1
YER057C,HMF1
YER052C,HOM3
YEL066W,HPA3
YER039C,HVG1
YEL069C,HXT13
YEL034W,HYP2
YER065C,ICL1
YER078C,ICP55
YER092W,IES5
YEL044W,IES6
YER086W,ILV1
YEL001C,IRC22
YER019W,ISC1
YER180C,ISC10
YER048W-A,ISD11
YER051W,JHD1
YER110C,KAP123
YER038C,KRE29
YER127W,LCP5
YER112W,LSM4
YER146W,LSM5
YER142C,MAG1
YEL053C,MAK10
YER106W,MAM1
YEL032W,MCM3
YER044C-A,MEI4
YER091C,MET6
YER028C,MIG3
YEL007W,MIT1
YEL019C,MMS21
YER001W,MNN1
YER068W,MOT2
YER077C,MRX1
YEL033W,MTC7
YER042W,MXR1
YER156C,MYG1
YER002W,NOP16
YEL016C,NPP2
YEL062W,NPR2
YER126C,NSA2
YER009W,NTF2
YER006W,NUG1
YER105C,NUP157
YER154W,OXA1
YER165W,PAB1
YER007W,PAC2
YEL049W,PAU2
YER059W,PCL6
YEL058W,PCM1
YER178W,PDA1
YER149C,PEA2
YER058W,PET117
YER153C,PET122
YER037W,PHM8
YER053C,PIC2
YER132C,PMD1
YER003C,PMI40
YEL017C-A,PMP2
YEL055C,POL5
YEL060C,PRB1
YER012W,PRE1
YER023W,PRO3
YER013W,PRP22
YER099C,PRS2
YER089C,PTC2
YER075C,PTP3
YER185W,PUG1
YER094C,PUP3
YEL020C,PXP1
YEL037C,RAD23
YER173W,RAD24
YER171W,RAD3
YER162C,RAD4
YER095W,RAD51
YER067W,RGI1
YEL024W,RIP1
YEL072W,RMD6
YEL050C,RML2
YER070W,RNR1
YER169W,RPH1
YEL054C,RPL12A
YER117W,RPL23B
YER056C-A,RPL34A
YER021W,RPN3
YER074W,RPS24A
YER131W,RPS26B
YER102W,RPS8B
YER066W,RRT13
YER050C,RSM18
YER125W,RSP5
YER139C,RTR1
YER104W,RTT105
YER043C,SAH1
YER129W,SAK1
YER047C,SAP1
YER087C-B,SBH1
YER019C-A,SBH2
YER147C,SCC4
YER120W,SCS2
YEL057C,SDD1
YER008C,SEC3
YER081W,SER3
YER096W,SHC1
YER118C,SHO1
YEL065W,SIT1
YER180C-A,SLO1
YER116C,SLX8
YER029C,SMB1
YEL026W,SNU13
YEL059C-A,SOM1
YER018C,SPC25
YEL031W,SPF1
YER150W,SPI1
YER046W,SPO73
YER115C,SPR6
YER148W,SPT15
YER161C,SPT2
YER022W,SRB4
YER103W,SSA4
YER111C,SWI4
YEL048C,TCA17
YER071C,TDA2
YER063W,THO1
YEL020W-A,TIM9
YER011W,TIR1
YER007C-A,TMA20
YER113C,TMN3
YER175C,TMT1
YER184C,TOG1
YER049W,TPA1
YER090W,TRP2
YER093C,TSC11
YER100W,UBC6
YEL012W,UBC8
YER151C,UBP3
YER144C,UBP5
YER098W,UBP9
YEL021W,URA3
YER082C,UTP7
YEL040W,UTR2
YEL038W,UTR4
YEL035C,UTR5
YEL005C,VAB2
YEL013W,VAC8
YER128W,VFA1
YER064C,VHR2
YEL027W,VMA3
YEL051W,VMA8
YER072W,VTC1
YEL002C,WBP1
YER024W,YAT2
YER123W,YCK3
YEL004W,YEA4
YEL006W,YEA6
YEL041W,YEF1
YER041W,YEN1
YER005W,YND1
YER074W-A,YOS1
YER031C,YPT31
YER190W,YRF1-2
YER033C,ZRG8
YEL008C-A,YEL008C-A
YEL008W,YEL008W
YEL009C-A,YEL009C-A
YEL010W,YEL010W
YEL014C,YEL014C
YEL018C-A,YEL018C-A
YEL020C-B,YEL020C-B
YEL023C,YEL023C
YEL025C,YEL025C
YEL028W,YEL028W
YEL030C-A,YEL030C-A
YEL032C-A,YEL032C-A
YEL034C-A,YEL034C-A
YEL045C,YEL045C
YEL050W-A,YEL050W-A
YEL053W-A,YEL053W-A
YEL067C,YEL067C
YEL068C,YEL068C
YEL073C,YEL073C
YEL074W,YEL074W
YEL075C,YEL075C
YEL075W-A,YEL075W-A
YEL076C,YEL076C
YEL076C-A,YEL076C-A
YEL077C,YEL077C
YEL077W-A,YEL077W-A
YER006C-A,YER006C-A
YER010C,YER010C
YER023C-A,YER023C-A
YER034W,YER034W
YER039C-A,YER039C-A
YER046W-A,YER046W-A
YER053C-A,YER053C-A
YER066C-A,YER066C-A
YER067C-A,YER067C-A
YER068C-A,YER068C-A
YER076C,YER076C
YER076W-A,YER076W-A
YER078W-A,YER078W-A
YER079C-A,YER079C-A
YER079W,YER079W
YER084W,YER084W
YER084W-A,YER084W-A
YER085C,YER085C
YER087C-A,YER087C-A
YER088C-A,YER088C-A
YER088W-B,YER088W-B
YER090C-A,YER090C-A
YER091C-A,YER091C-A
YER097W,YER097W
YER107W-A,YER107W-A
YER108C,YER108C
YER119C-A,YER119C-A
YER121W,YER121W
YER133W-A,YER133W-A
YER134C,YER134C
YER135C,YER135C
YER137C,YER137C
YER137C-A,YER137C-A
YER137W-A,YER137W-A
YER138C,YER138C
YER138W-A,YER138W-A
YER145C-A,YER145C-A
YER147C-A,YER147C-A
YER148W-A,YER148W-A
YER152C,YER152C
YER152W-A,YER152W-A
YER158C,YER158C
YER158W-A,YER158W-A
YER159C-A,YER159C-A
YER160C,YER160C
YER165C-A,YER165C-A
YER172C-A,YER172C-A
YER175W-A,YER175W-A
YER181C,YER181C
YER186C,YER186C
YER186W-A,YER186W-A
YER187W,YER187W
YER188C-A,YER188C-A
YER188W,YER188W
YER189W,YER189W
YER190C-A,YER190C-A
YER190C-B,YER190C-B
YFL057C,AAD16
YFL056C,AAD6
YFL039C,ACT1
YFL055W,AGP3
YFL030W,AGX1
YFR016C,AIP5
YFL050C,ALR2
YFL054C,AQY3
YFR021W,ATG18
YFL010W-A,AUA1
YFL007W,BLM10
YFR047C,BNA6
YFL025C,BST1
YFL023W,BUD27
YFL028C,CAF16
YFL029C,CAK1
YFR028C,CDC14
YFR036W,CDC26
YFL009W,CDC4
YFR014C,CMK1
YFR046C,CNN1
YFL062W,COS4
YFR020W,CSS2
YFL053W,DAK2
YFR012W,DCV1
YFL061W,DDI3
YFL001W,DEG1
YFR044C,DUG1
YFR027W,ECO1
YFL048C,EMP47
YFL024C,EPL1
YFR041C,ERJ5
YFR019W,FAB1
YFR008W,FAR7
YFL041W,FET5
YFL046W,FMP32
YFL022C,FRS2
YFL021W,GAT1
YFR009W,GCN20
YFL017C,GNA1
YFR015C,GSY1
YFL027C,GYP8
YFL031W,HAC1
YFR025C,HIS2
YFL014W,HSP12
YFR053C,HXK1
YFL011W,HXT10
YFL013C,IES1
YFR017C,IGD1
YFR013W,IOC3
YFR038W,IRC5
YFR043C,IRC6
YFR055W,IRC7
YFR042W,KEG1
YFR049W,KGD4
YFL042C,LAM5
YFR001W,LOC1
YFL018C,LPD1
YFR024C-A,LSB3
YFL016C,MDJ1
YFR030W,MET10
YFR011C,MIC19
YFL034W,MIL1
YFR032C-B,MIN10
YFL034C-B,MOB2
YFR045W,MRX20
YFL003C,MSH4
YFR002W,NIC96
YFR039C,OSW7
YFL044C,OTU1
YFL020C,PAU5
YFR023W,PES4
YFR034C,PHO4
YFR050C,PRE4
YFR029W,PTR3
YFR033C,QCR6
YFR051C,RET2
YFL047W,RGD2
YFL033C,RIM15
YFR048W,RMD8
YFR022W,ROG3
YFL034C-A,RPL22B
YFR032C-A,RPL29
YFR031C-A,RPL2A
YFR004W,RPN11
YFR052W,RPN12
YFL036W,RPO41
YFR032C,RRT5
YFR037C,RSC8
YFR005C,SAD1
YFR040W,SAP155
YFL005W,SEC4
YFL045C,SEC53
YFL008W,SMC1
YFR031C,SMC2
YFL017W-A,SMX2
YFL060C,SNO3
YFL059W,SNZ3
YFL002C,SPB4
YFL026W,STE2
YFL049W,SWP82
YFL058W,THI5
YFL037W,TUB2
YFR010W,UBP6
YFR026C,ULI1
YFL004W,VTC2
YFL010C,WWM1
YFR007W,YFH7
YFR003C,YPI1
YFL038C,YPT1
YFL052W,ZNF1
YFL002W-A,YFL002W-A
YFL002W-B,YFL002W-B
YFL006W,YFL006W
YFL012W,YFL012W
YFL012W-A,YFL012W-A
YFL013W-A,YFL013W-A
YFL015C,YFL015C
YFL015W-A,YFL015W-A
YFL019C,YFL019C
YFL021C-A,YFL021C-A
YFL031C-A,YFL031C-A
YFL032W,YFL032W
YFL040W,YFL040W
YFL041W-A,YFL041W-A
YFL043C,YFL043C
YFL051C,YFL051C
YFL063W,YFL063W
YFL064C,YFL064C
YFL065C,YFL065C
YFL066C,YFL066C
YFL067W,YFL067W
YFL068W,YFL068W
YFR006W,YFR006W
YFR009W-A,YFR009W-A
YFR010W-A,YFR010W-A
YFR012W-A,YFR012W-A
YFR018C,YFR018C
YFR024C,YFR024C
YFR034W-A,YFR034W-A
YFR035C,YFR035C
YFR036W-A,YFR036W-A
YFR052C-A,YFR052C-A
YFR054C,YFR054C
YFR056C,YFR056C
YFR057W,YFR057W
YGR037C,ACB1
YGR204W,ADE3
YGL234W,ADE57
YGR061C,ADE6
YGL256W,ADH4
YGL071W,AFT1
YGL032C,AGA2
YGL160W,AIM14
YGL047W,ALG13
YGL065C,ALG2
YGL021W,ALK1
YGR225W,AMA1
YGL156W,AMS1
YGL242C,ANK1
YGR261C,APL6
YGL105W,ARC1
YGL157W,ARI1
YGL148W,ARO2
YGL117W,ARO5
YGL202W,ARO8
YGR068C,ART5
YGR097W,ASK10
YGR124W,ASN2
YGL017W,ATE1
YGR177C,ATF2
YGL180W,ATG1
YGR224W,AZR1
YGR282C,BGL2
YGL015C,BIL2
YGR286C,BIO2
YGR230W,BNS1
YGL220W,BOL2
YGR246C,BRF1
YGL007W,BRP1
YGL247W,BRR6
YGR142W,BTN2
YGR188C,BUB1
YGL174W,BUD13
YGR262C,BUD32
YGR041W,BUD9
YGR277C,CAB4
YGR134W,CAF130
YGR036C,CAX4
YGR140W,CBF2
YGR174C,CBP4
YGR217W,CCH1
YGR150C,CCM1
YGL116W,CDC20
YGL155W,CDC43
YGL190C,CDC55
YGL003C,CDH1
YGL130W,CEG1
YGL029W,CGR1
YGL206C,CHC1
YGR157W,CHO2
YGR207C,CIR1
YGL019W,CKB1
YGR108W,CLB1
YGR109C,CLB6
YGR167W,CLC1
YGR110W,CLD1
YGL215W,CLG1
YGL223C,COG1
YGR120C,COG2
YGL005C,COG7
YGR255C,COQ6
YGL119W,COQ8
YGL263W,COS12
YGR295C,COS6
YGL191W,COX13
YGR062C,COX18
YGL187C,COX4
YGR247W,CPD1
YGR189C,CRH1
YGR218W,CRM1
YGL238W,CSE1
YGR088W,CTT1
YGL110C,CUE3
YGR003W,CUL3
YGL166W,CUP2
YGR278W,CWC22
YGL128C,CWC23
YGL027C,CWH41
YGR155W,CYS4
YGR113W,DAM1
YGR092W,DBF2
YGL078C,DBP3
YGR227W,DIE2
YGL240W,DOC1
YGL041W-A,DPC13
YGR021W,DPC29
YGR093W,DRN1
YGL196W,DSD1
YGL043W,DST1
YGL061C,DUO1
YGR015C,EAT1
YGR146C,ECL1
YGR007W,ECT1
YGL222C,EDC1
YGR271C-A,EFG1
YGR001C,EFM5
YGR200C,ELP2
YGL231C,EMC4
YGL200C,EMP24
YGR254W,ENO1
YGR145W,ENP2
YGR071C,ENV11
YGR175C,ERG1
YGR060W,ERG25
YGL001C,ERG26
YGL012W,ERG4
YGL002W,ERP6
YGR029W,ERV1
YGL054C,ERV14
YGR284C,ERV29
YGR098C,ESP1
YGR131W,FHN1
YGL139W,FLC3
YGR052W,FMP48
YGR267C,FOL2
YGR196C,FYV8
YGL254W,FZF1
YGR083C,GCD2
YGL195W,GCN1
YGR252W,GCN5
YGL057C,GEP7
YGL020C,GET1
YGR066C,GID10
YGR256W,GND2
YGR149W,GPC1
YGL121C,GPG1
YGR216C,GPI1
YGL142C,GPI10
YGR032W,GSC2
YGR102C,GTF1
YGR154C,GTO1
YGR163W,GTR2
YGL181W,GTS1
YGL084C,GUP1
YGL245W,GUS1
YGL237C,HAP2
YGL040C,HEM2
YGL251C,HFM1
YGR187C,HGH1
YGR191W,HIP1
YGL077C,HNM1
YGL033W,HOP2
YGL194C,HOS2
YGL073W,HSF1
YGR223C,HSV2
YGR268C,HUA1
YGL141W,HUL5
YGL168W,HUR1
YGL253W,HXK2
YGR287C,IMA1
YGL192W,IME4
YGR031W,IMO32
YGL150C,INO80
YGL133W,ITC1
YGL018C,JAC1
YGL241W,KAP114
YGL016W,KAP122
YGR238C,KEL2
YGL203C,KEX1
YGL216W,KIP3
YGR040W,KSS1
YGL079W,KXD1
YGL085W,LCL3
YGL009C,LEU1
YGL090W,LIF1
YGR136W,LSB1
YGR244C,LSC2
YGL099W,LSG1
YGR169C-A,LSO2
YGR057C,LST7
YGL154C,LYS5
YGL086W,MAD1
YGR289C,MAL11
YGR292W,MAL12
YGR288W,MAL13
YGL201C,MCM6
YGR053C,MCO32
YGR012W,MCY1
YGL219C,MDM34
YGR100W,MDR1
YGL197W,MDS3
YGR121C,MEP1
YGR264C,MES1
YGL125W,MET13
YGL089C,MF(ALPHA)2
YGR249W,MGA1
YGR235C,MIC26
YGL035C,MIG1
YGL209W,MIG2
YGL106W,MLC1
YGL087C,MMS2
YGL183C,MND1
YGL068W,MNP1
YGL257C,MNT2
YGL124C,MON1
YGL080W,MPC1
YGR243W,MPC3
YGL010W,MPO1
YGL075C,MPS2
YGL178W,MPT5
YGL143C,MRF1
YGL064C,MRH4
YGL136C,MRM2
YGR084C,MRP13
YGR076C,MRPL25
YGR220C,MRPL9
YGR165W,MRPS35
YGR014W,MSB2
YGR171C,MSM1
YGR028W,MSP1
YGL051W,MST27
YGL226W,MTC3
YGR042W,MTE1
YGR023W,MTL1
YGR257C,MTM1
YGL236C,MTO1
YGR158C,MTR3
YGR055W,MUP1
YGR206W,MVB12
YGL122C,NAB2
YGR031C-A,NAG1
YGR232W,NAS6
YGR147C,NAT2
YGL091C,NBP35
YGL211W,NCS6
YGL221C,NIF3
YGR010W,NMA2
YGR089W,NNF2
YGR251W,NOP19
YGR103W,NOP7
YGL067W,NPY1
YGR043C,NQM1
YGL111W,NSA1
YGR159C,NSR1
YGL092W,NUP145
YGL172W,NUP49
YGR119C,NUP57
YGL151W,NUT1
YGL038C,OCH1
YGR179C,OKP1
YGL055W,OLE1
YGR038W,ORM1
YGL226C-A,OST5
YGR227C-A,OTO1
YGR078C,PAC10
YGL094C,PAN2
YGL261C,PAU11
YGR294W,PAU12
YGR178C,PBP1
YGL134W,PCL10
YGR101W,PCP1
YGR202C,PCT1
YGR087C,PDC6
YGL248W,PDE1
YGL013C,PDR1
YGR193C,PDX1
YGR058W,PEF1
YGR222W,PET54
YGL153W,PEX14
YGR239C,PEX21
YGR004W,PEX31
YGR168C,PEX35
YGR133W,PEX4
YGR077C,PEX8
YGR240C,PFK1
YGL025C,PGD1
YGR132C,PHB1
YGR231C,PHB2
YGR233C,PHO81
YGL023C,PIB2
YGR086C,PIL1
YGL059W,PKP2
YGL008C,PMA1
YGL006W,PMC1
YGL167C,PMR1
YGR199W,PMT6
YGL037C,PNC1
YGR030C,POP6
YGL205W,POX1
YGR123C,PPT1
YGR135W,PRE9
YGL053W,PRM8
YGR006W,PRP18
YGR091W,PRP31
YGR075C,PRP38
YGL120C,PRP43
YGR170W,PSD2
YGR156W,PTI1
YGL014W,PUF4
YGR253C,PUP2
YGL063W,PUS2
YGR169C,PUS6
YGR280C,PXR1
YGL062W,PYC1
YGR183C,QCR9
YGR258C,RAD2
YGL163C,RAD54
YGL058W,RAD6
YGL246C,RAI1
YGR173W,RBG2
YGL158W,RCK1
YGR250C,RIE1
YGL045W,RIM8
YGL107C,RMD9
YGR044C,RME1
YGL250W,RMR1
YGL044C,RNA15
YGR276C,RNH70
YGR180C,RNR4
YGL144C,ROG1
YGL171W,ROK1
YGR070W,ROM1
YGL070C,RPB9
YGR085C,RPL11B
YGL135W,RPL1B
YGL031C,RPL24A
YGR148C,RPL24B
YGR034W,RPL26B
YGL103W,RPL28
YGL030W,RPL30
YGL076C,RPL7A
YGL147C,RPL9A
YGL004C,RPN14
YGR214W,RPS0A
YGL123W,RPS2
YGR118W,RPS23A
YGR027C,RPS25A
YGL189C,RPS26A
YGL048C,RPT6
YGR095C,RRP46
YGL146C,RRT6
YGR056W,RSC1
YGL129C,RSM23
YGR215W,RSM27
YGR152C,RSR1
YGR213C,RTA1
YGL244W,RTF1
YGL252C,RTG2
YGR161C,RTS3
YGR275W,RTT102
YGL175C,SAE2
YGL229C,SAP4
YGR263C,SAY1
YGL011C,SCL1
YGR049W,SCM4
YGL126W,SCS3
YGL028C,SCW11
YGR279C,SCW4
YGL083W,SCY1
YGR245C,SDA1
YGL056C,SDS23
YGL224C,SDT1
YGL233W,SEC15
YGL137W,SEC27
YGR009C,SEC9
YGL100W,SEH1
YGR208W,SER2
YGL066W,SGF73
YGL228W,SHE10
YGR112W,SHY1
YGL208W,SIP2
YGR195W,SKI6
YGL213C,SKI8
YGR143W,SKN1
YGL113W,SLD3
YGR271W,SLH1
YGR212W,SLI1
YGR081C,SLX9
YGR074W,SMD1
YGR229C,SMI1
YGL115W,SNF4
YGR197C,SNG1
YGL131C,SNT2
YGR013W,SNU71
YGL127C,SOH1
YGR248W,SOL4
YGL093W,SPC105
YGR236C,SPG1
YGL170C,SPO74
YGR059W,SPR3
YGL207W,SPT16
YGR063C,SPT4
YGR116W,SPT6
YGR104C,SRB5
YGL097W,SRM1
YGR008C,STF2
YGL184C,STR3
YGL022W,STT3
YGL169W,SUA5
YGL162W,SUT1
YGR002C,SWC4
YGR129W,SYF2
YGL243W,TAD1
YGR274C,TAF1
YGL112C,TAF6
YGR046W,TAM41
YGL232W,TAN1
YGR205W,TDA10
YGR192C,TDH3
YGR099W,TEL2
YGR047C,TFC4
YGR186W,TFG1
YGR005C,TFG2
YGR024C,THG1
YGR144W,THI4
YGR162W,TIF4631
YGL049C,TIF4632
YGR181W,TIM13
YGR033C,TIM21
YGL145W,TIP20
YGR260W,TNA1
YGR082W,TOM20
YGR221C,TOS2
YGL179C,TOS3
YGL096W,TOS8
YGR096W,TPC1
YGL186C,TPN1
YGR138C,TPO2
YGL026C,TRP5
YGR166W,TRS65
YGR209C,TRX2
YGR080W,TWF1
YGR185C,TYS1
YGL050W,TYW3
YGR184C,UBR1
YGR048W,UFD1
YGR019W,UGA1
YGR283C,UPA1
YGR072W,UPF3
YGL098W,USE1
YGR090W,UTP22
YGR128C,UTP8
YGL212W,VAM7
YGR094W,VAS1
YGL258W,VEL1
YGR065C,VHT1
YGL227W,VID30
YGL036W,VIR1
YGR105W,VMA21
YGR020C,VMA7
YGR106C,VOA1
YGL095C,VPS45
YGR141W,VPS62
YGL104C,VPS73
YGL225W,VRG4
YGR125W,VSB1
YGR194C,XKS1
YGL173C,XRN1
YGR241C,YAP1802
YGL060W,YBP2
YGR203W,YCH1
YGL101W,YGK1
YGR234W,YHB1
YGR172C,YIP1
YGL198W,YIP4
YGL161C,YIP5
YGR281W,YOR1
YGR198W,YPP1
YGL259W,YPS5
YGL210W,YPT32
YGL164C,YRB30
YGR296W,YRF1-3
YGR270W,YTA7
YGL249W,ZIP2
YGR211W,ZPR1
YGL255W,ZRT1
YGR285C,ZUO1
YGL006W-A,YGL006W-A
YGL007C-A,YGL007C-A
YGL014C-A,YGL014C-A
YGL024W,YGL024W
YGL034C,YGL034C
YGL039W,YGL039W
YGL041C,YGL041C
YGL041C-B,YGL041C-B
YGL042C,YGL042C
YGL046W,YGL046W
YGL052W,YGL052W
YGL063C-A,YGL063C-A
YGL069C,YGL069C
YGL072C,YGL072C
YGL074C,YGL074C
YGL081W,YGL081W
YGL082W,YGL082W
YGL088W,YGL088W
YGL102C,YGL102C
YGL108C,YGL108C
YGL109W,YGL109W
YGL114W,YGL114W
YGL118C,YGL118C
YGL123C-A,YGL123C-A
YGL132W,YGL132W
YGL138C,YGL138C
YGL140C,YGL140C
YGL149W,YGL149W
YGL152C,YGL152C
YGL159W,YGL159W
YGL165C,YGL165C
YGL176C,YGL176C
YGL177W,YGL177W
YGL182C,YGL182C
YGL185C,YGL185C
YGL188C,YGL188C
YGL188C-A,YGL188C-A
YGL193C,YGL193C
YGL194C-A,YGL194C-A
YGL199C,YGL199C
YGL204C,YGL204C
YGL210W-A,YGL210W-A
YGL214W,YGL214W
YGL217C,YGL217C
YGL218W,YGL218W
YGL230C,YGL230C
YGL235W,YGL235W
YGL239C,YGL239C
YGL258W-A,YGL258W-A
YGL260W,YGL260W
YGL262W,YGL262W
YGR011W,YGR011W
YGR016W,YGR016W
YGR017W,YGR017W
YGR018C,YGR018C
YGR022C,YGR022C
YGR025W,YGR025W
YGR026W,YGR026W
YGR027W-A,YGR027W-A
YGR027W-B,YGR027W-B
YGR035C,YGR035C
YGR035W-A,YGR035W-A
YGR038C-A,YGR038C-A
YGR038C-B,YGR038C-B
YGR039W,YGR039W
YGR045C,YGR045C
YGR050C,YGR050C
YGR051C,YGR051C
YGR054W,YGR054W
YGR064W,YGR064W
YGR067C,YGR067C
YGR068W-A,YGR068W-A
YGR069W,YGR069W
YGR073C,YGR073C
YGR079W,YGR079W
YGR107W,YGR107W
YGR109W-A,YGR109W-A
YGR109W-B,YGR109W-B
YGR111W,YGR111W
YGR114C,YGR114C
YGR115C,YGR115C
YGR117C,YGR117C
YGR121W-A,YGR121W-A
YGR122C-A,YGR122C-A
YGR122W,YGR122W
YGR126W,YGR126W
YGR127W,YGR127W
YGR130C,YGR130C
YGR137W,YGR137W
YGR139W,YGR139W
YGR146C-A,YGR146C-A
YGR151C,YGR151C
YGR153W,YGR153W
YGR160W,YGR160W
YGR161C-C,YGR161C-C
YGR161C-D,YGR161C-D
YGR161W-A,YGR161W-A
YGR161W-B,YGR161W-B
YGR161W-C,YGR161W-C
YGR164W,YGR164W
YGR174W-A,YGR174W-A
YGR176W,YGR176W
YGR182C,YGR182C
YGR190C,YGR190C
YGR201C,YGR201C
YGR204C-A,YGR204C-A
YGR210C,YGR210C
YGR219W,YGR219W
YGR226C,YGR226C
YGR228W,YGR228W
YGR237C,YGR237C
YGR240C-A,YGR240C-A
YGR242W,YGR242W
YGR259C,YGR259C
YGR265W,YGR265W
YGR266W,YGR266W
YGR269W,YGR269W
YGR270C-A,YGR270C-A
YGR272C,YGR272C
YGR273C,YGR273C
YGR290W,YGR290W
YGR291C,YGR291C
YGR293C,YGR293C
YGR296C-A,YGR296C-A
YGR296C-B,YGR296C-B
YHR047C,AAP1
YHR093W,AHT1
YHL021C,AIM17
YHR198C,AIM18
YHR199C,AIM46
YHR126C,ANS1
YHR113W,APE4
YHL019C,APM2
YHR013C,ARD1
YHR018C,ARG4
YHL040C,ARN1
YHL047C,ARN2
YHR137W,ARO9
YHR129C,ARP1
YHR171W,ATG7
YHR208W,BAT1
YHR040W,BCD1
YHR101C,BIG1
YHR036W,BRL1
YHR114W,BZZ1
YHL038C,CBP2
YHR107C,CDC12
YHR166C,CDC23
YHR142W,CHS7
YHR122W,CIA2
YHR052W,CIC1
YHL048W,COS8
YHR116W,COX23
YHR051W,COX6
YHR057C,CPR2
YHR209W,CRG1
YHR146W,CRP1
YHR191C,CTF8
YHR109W,CTM1
YHR175W,CTR2
YHR053C,CUP1-1
YHR055C,CUP1-2
YHR028C,DAP2
YHR169W,DBP8
YHR144C,DCD1
YHR045W,DDE1
YHR019C,DED81
YHL044W,DFP4
YHR011W,DIA4
YHR115C,DMA1
YHR164C,DNA2
YHR044C,DOG1
YHR043C,DOG2
YHR143W,DSE2
YHL016C,DUR3
YHR068W,DYS1
YHR021W-A,ECM12
YHR132C,ECM14
YHL030W,ECM29
YHL043W,ECM34
YHL039W,EFM1
YHR193C,EGD2
YHR174W,ENO2
YHR123W,EPT1
YHR032W,ERC1
YHR007C,ERG11
YHR072W,ERG7
YHR190W,ERG9
YHR110W,ERP5
YHL010C,ETP1
YHR211W,FLO5
YHR176W,FMO1
YHR049W,FSH1
YHR128W,FUR1
YHR059W,FYV4
YHR089C,GAR1
YHR100C,GEP4
YHR108W,GGA2
YHR061C,GIC1
YHR183W,GND1
YHL031C,GOS1
YHR005C,GPA1
YHR188C,GPI16
YHR104W,GRE3
YHL032C,GUT1
YHL002W,HSE1
YHR067W,HTD2
YHR094C,HXT1
YHR092C,HXT4
YHR096C,HXT5
YHR132W-A,IGO2
YHR187W,IKI1
YHR216W,IMD2
YHR148W,IMP3
YHR046C,INM1
YHR085W,IPI1
YHR079C,IRE1
YHR158C,KEL1
YHR102W,KIC1
YHR186C,KOG1
YHR082C,KSP1
YHL003C,LAG1
YHR155W,LAM1
YHR080C,LAM4
YHR002W,LEU5
YHR156C,LIN1
YHR192W,LNP1
YHR081W,LRP1
YHR121W,LSM12
YHR024C,MAS2
YHL018W,MCO14
YHR194W,MDM31
YHR058C,MED6
YHR015W,MIP6
YHR204W,MNL1
YHR162W,MPC2
YHL004W,MRP4
YHR147C,MRPL6
YHR039C,MSC7
YHR120W,MSH1
YHR091C,MSR1
YHR151C,MTC6
YHR168W,MTG2
YHL036W,MUP3
YHR023W,MYO1
YHR086W,NAM8
YHR199C-A,NBL1
YHR042W,NCP1
YHR124W,NDT80
YHR035W,NEL1
YHR004C,NEM1
YHR077C,NMD2
YHR170W,NMD3
YHR072W-A,NOP10
YHL023C,NPR3
YHR133C,NSG1
YHR195W,NVJ1
YHL029C,OCA5
YHL020C,OPI1
YHR118C,ORC6
YHR073W,OSH3
YHR001W,OSH7
YHL013C,OTU2
YHR179W,OYE2
YHR097C,PAL2
YHR063C,PAN5
YHL046C,PAU13
YHR071W,PCL5
YHR160C,PEX18
YHR150W,PEX28
YHR185C,PFS1
YHR215W,PHO12
YHR034C,PIH1
YHR075C,PPE1
YHR201C,PPX1
YHR165C,PRP8
YHL011C,PRS3
YHR076W,PTC7
YHR189W,PTH1
YHR037W,PUT2
YHL045W,PXP3
YHR001W-A,QCR10
YHR074W,QNS1
YHR157W,REC104
YHR182W,RGD3
YHL027W,RIM101
YHL024W,RIM4
YHR197W,RIX1
YHR177W,ROF1
YHR143W-A,RPC10
YHR088W,RPF1
YHL001W,RPL14B
YHR010W,RPL27A
YHR141C,RPL42B
YHL033C,RPL8A
YHR027C,RPN1
YHR200W,RPN10
YHR062C,RPP1
YHL015W,RPS20
YHR021C,RPS27B
YHR203C,RPS4B
YHR038W,RRF1
YHR031C,RRM3
YHR065C,RRP3
YHR069C,RRP4
YHR056C,RSC30
YHR087W,RTC3
YHR154W,RTT107
YHR079C-A,SAE3
YHR083W,SAM35
YHR103W,SBE22
YHL034C,SBP1
YHR205W,SCH9
YHR119W,SET1
YHR207C,SET5
YHR098C,SFB3
YHL006C,SHU1
YHR149C,SKG6
YHR206W,SKN7
YHR030C,SLT2
YHR050W,SMF2
YHR202W,SMN1
YHL025W,SNF6
YHR008C,SOD2
YHR163W,SOL3
YHR172W,SPC97
YHR136C,SPL2
YHL022C,SPO11
YHR152W,SPO12
YHR014W,SPO13
YHR153C,SPO16
YHR139C,SPS100
YHR041C,SRB2
YHR066W,SSF1
YHR184W,SSP1
YHR064C,SSZ1
YHR178W,STB5
YHR084W,STE12
YHL007C,STE20
YHR006W,STP2
YHR181W,SVP26
YHR003C,TCD1
YHR159W,TDA11
YHR009C,TDA3
YHR167W,THP2
YHR025W,THR1
YHR005C-A,TIM10
YHR117W,TOM71
YHR099W,TRA1
YHR070W,TRM5
YHR106W,TRR2
YHR111W,UBA4
YHR196W,UTP9
YHR039C-A,VMA10
YHR026W,VMA16
YHR060W,VMA22
YHL035C,VMR1
YHR012W,VPS29
YHL028W,WSC4
YHR134W,WSS1
YHR161C,YAP1801
YHL009C,YAP3
YHR135C,YCK1
YHR029C,YHI9
YHR048W,YHK8
YHL014C,YLF2
YHR090C,YNG2
YHR105W,YPT35
YHR017W,YSC83
YHR016C,YSC84
YHL002C-A,YHL002C-A
YHL005C,YHL005C
YHL006W-A,YHL006W-A
YHL008C,YHL008C
YHL009W-A,YHL009W-A
YHL009W-B,YHL009W-B
YHL012W,YHL012W
YHL015W-A,YHL015W-A
YHL017W,YHL017W
YHL019W-A,YHL019W-A
YHL026C,YHL026C
YHL030W-A,YHL030W-A
YHL034W-A,YHL034W-A
YHL037C,YHL037C
YHL041W,YHL041W
YHL042W,YHL042W
YHL046W-A,YHL046W-A
YHL048C-A,YHL048C-A
YHL049C,YHL049C
YHL050C,YHL050C
YHL050W-A,YHL050W-A
YHR007C-A,YHR007C-A
YHR020W,YHR020W
YHR022C,YHR022C
YHR022C-A,YHR022C-A
YHR028W-A,YHR028W-A
YHR032C-A,YHR032C-A
YHR032W-A,YHR032W-A
YHR033W,YHR033W
YHR049C-A,YHR049C-A
YHR050W-A,YHR050W-A
YHR052C-B,YHR052C-B
YHR052W-A,YHR052W-A
YHR054C,YHR054C
YHR054C-B,YHR054C-B
YHR054W-A,YHR054W-A
YHR056W-A,YHR056W-A
YHR063W-A,YHR063W-A
YHR069C-A,YHR069C-A
YHR070C-A,YHR070C-A
YHR071C-A,YHR071C-A
YHR073C-B,YHR073C-B
YHR073W-A,YHR073W-A
YHR078W,YHR078W
YHR086W-A,YHR086W-A
YHR095W,YHR095W
YHR112C,YHR112C
YHR125W,YHR125W
YHR127W,YHR127W
YHR130C,YHR130C
YHR131C,YHR131C
YHR131W-A,YHR131W-A
YHR137C-A,YHR137C-A
YHR138C,YHR138C
YHR139C-A,YHR139C-A
YHR140W,YHR140W
YHR145C,YHR145C
YHR165W-A,YHR165W-A
YHR173C,YHR173C
YHR175W-A,YHR175W-A
YHR180C-B,YHR180C-B
YHR180W,YHR180W
YHR180W-A,YHR180W-A
YHR182C-A,YHR182C-A
YHR193C-A,YHR193C-A
YHR210C,YHR210C
YHR212C,YHR212C
YHR212W-A,YHR212W-A
YHR213W,YHR213W
YHR213W-A,YHR213W-A
YHR213W-B,YHR213W-B
YHR214C-B,YHR214C-B
YHR214C-C,YHR214C-C
YHR214C-D,YHR214C-D
YHR214C-E,YHR214C-E
YHR214W,YHR214W
YHR214W-A,YHR214W-A
YHR217C,YHR217C
YHR218W,YHR218W
YHR218W-A,YHR218W-A
YHR219C-A,YHR219C-A
YHR219W,YHR219W
YJR155W,AAD10
YJR108W,ABM1
YJR083C,ACF4
YJL200C,ACO2
YJR105W,ADO1
YJL046W,AIM22
YJL131C,AIM23
YJR080C,AIM24
YJR100C,AIM25
YJL122W,ALB1
YJL084C,ALY2
YJR047C,ANB1
YJR005W,APL1
YJL075C,APQ13
YJR058C,APS2
YJL024C,APS3
YJL071W,ARG2
YJL088W,ARG3
YJR065C,ARP3
YJL081C,ARP4
YJL115W,ASF1
YJL170C,ASG7
YJL178C,ATG27
YJL185C,ATG36
YJL180C,ATP12
YJR121W,ATP2
YJR001W,AVT1
YJR148W,BAT2
YJL020C,BBC1
YJL095W,BCK1
YJL031C,BET4
YJR053W,BFA1
YJR089W,BIR1
YJL058C,BIT61
YJR025C,BNA1
YJR078W,BNA2
YJL060W,BNA3
YJL188C,BUD19
YJR092W,BUD4
YJR011C,CAL4
YJR060W,CBF1
YJL209W,CBP1
YJL014W,CCT3
YJR064W,CCT5
YJL111W,CCT7
YJL008C,CCT8
YJR076C,CDC11
YJL194W,CDC6
YJR057W,CDC8
YJL049W,CHM7
YJL099W,CHS6
YJL158C,CIS3
YJL062W-A,COA3
YJR161C,COS5
YJL003W,COX16
YJR109C,CPA2
YJR032W,CPR7
YJL172W,CPS1
YJL006C,CTK2
YJR048W,CYC1
YJL005W,CYR1
YJR152W,DAL5
YJR150C,DAN1
YJR151C,DAN4
YJL149W,DAS1
YJL065C,DLS1
YJR120W,DMO1
YJL090C,DPB11
YJL133C-A,DPI8
YJR082C,EAF6
YJL201W,ECM25
YJR106W,ECM27
YJR129C,EFM3
YJL196C,ELO1
YJR088C,EMC2
YJR125C,ENT3
YJL167W,ERG20
YJR017C,ESS1
YJL085W,EXO70
YJL157C,FAR1
YJL155C,FBP26
YJR093C,FIP1
YJL161W,FMP33
YJL125C,GCD14
YJR031C,GEA1
YJR040W,GEF1
YJL137C,GLG2
YJL184W,GON7
YJR013W,GPI14
YJR090C,GRR1
YJL101C,GSH1
YJL103C,GSM1
YJL091C,GWT1
YJL044C,GYP6
YJL110C,GZF3
YJL165C,HAL5
YJR069C,HAM1
YJL033W,HCA4
YJR140C,HIR3
YJR055W,HIT1
YJR147W,HMS2
YJR075W,HOC1
YJR139C,HOM6
YJL159W,HSP150
YJR036C,HUL4
YJR158W,HXT16
YJL214W,HXT8
YJL219W,HXT9
YJR122W,IBA57
YJL077C,ICS3
YJL146W,IDS2
YJL057C,IKS1
YJR118C,ILM1
YJR016C,ILV3
YJL221C,IMA4
YJL216C,IMA5
YJR094C,IME1
YJL106W,IME2
YJR138W,IML1
YJL082W,IML2
YJL153C,INO1
YJR141W,IPA1
YJL037W,IRC18
YJL051W,IRC8
YJL142C,IRC9
YJR050W,ISY1
YJL073W,JEM1
YJR119C,JHD2
YJL162C,JJJ2
YJR097W,JJJ3
YJR091C,JSN1
YJL034W,KAR2
YJR054W,KCH1
YJL094C,KHA1
YJL174W,KRE9
YJL207C,LAA1
YJL062W,LAS21
YJL134W,LCB3
YJR070C,LIA1
YJR107W,LIH1
YJL055W,LOG1
YJL038C,LOH1
YJL100W,LSB6
YJL124C,LSM1
YJR022W,LSM8
YJR005C-A,LSO1
YJL030W,MAD2
YJL013C,MAD3
YJL199C,MBB1
YJR135C,MCM22
YJL127C-B,MCO6
YJR024C,MDE1
YJL112W,MDV1
YJL102W,MEF2
YJR010W,MET3
YJR137C,MET5
YJR144W,MGM101
YJR008W,MHO1
YJL042W,MHP1
YJR077C,MIR1
YJR039W,MLO127
YJL183W,MNN11
YJR061W,MNN14
YJL186W,MNN5
YJR131W,MNS1
YJR074W,MOG1
YJR160C,MPH3
YJL066C,MPM1
YJR002W,MPP10
YJL019W,MPS3
YJL096W,MRPL49
YJL063C,MRPL8
YJL133W,MRS3
YJR003C,MRX12
YJL123C,MTC1
YJL050W,MTR4
YJL116C,NCA3
YJL205C,NCE101
YJL076W,NET1
YJL126W,NIT2
YJR132W,NMD5
YJR112W,NNF1
YJL010C,NOP9
YJR072C,NPA3
YJL041W,NSP1
YJR062C,NTA1
YJL208C,NUC1
YJL039C,NUP192
YJL061W,NUP82
YJR042W,NUP85
YJR073C,OPI3
YJL212C,OPT1
YJR051W,OSM1
YJL002C,OST1
YJL104W,PAM16
YJL223C,PAU1
YJL128C,PBS2
YJL053W,PEP8
YJL023C,PET130
YJR034W,PET191
YJL210W,PEX2
YJL179W,PFD1
YJR153W,PGU1
YJL117W,PHO86
YJL198W,PHO90
YJL097W,PHS1
YJL160C,PIR5
YJR143C,PMT4
YJR006W,POL31
YJR043C,POL32
YJL001W,PRE3
YJL108C,PRM10
YJL203W,PRP21
YJL079C,PRY1
YJL078C,PRY3
YJL072C,PSF2
YJR059W,PTK2
YJR111C,PXP2
YJL166W,QCR8
YJR035W,RAD26
YJR052W,RAD7
YJR033C,RAV1
YJL181W,RBH1
YJR030C,RBH2
YJL204C,RCY1
YJR021C,REC107
YJL217W,REE1
YJL173C,RFA3
YJR068W,RFC2
YJL026W,RNR2
YJL144W,ROQ1
YJR063W,RPA12
YJL148W,RPA34
YJL140W,RPB4
YJL011C,RPC17
YJL121C,RPE1
YJL177W,RPL17B
YJL189W,RPL39
YJR094W-A,RPL43B
YJL191W,RPS14B
YJL136C,RPS21B
YJL190C,RPS22A
YJR145C,RPS4A
YJR123W,RPS5
YJL025W,RRN7
YJR127C,RSF2
YJR101W,RSM26
YJR113C,RSM7
YJL047C,RTT101
YJR004C,SAG1
YJL098W,SAP185
YJL080C,SCP160
YJL045W,SDH9
YJL168C,SET2
YJL105W,SET4
YJR095W,SFC1
YJL145W,SFH5
YJR134C,SGM1
YJL089W,SIP4
YJL074C,SMC3
YJL147C,SMT1
YJL151C,SNA3
YJL036W,SNX4
YJR104C,SOD1
YJL192C,SOP4
YJR159W,SOR1
YJR010C-A,SPC1
YJL127C,SPT10
YJL092W,SRS2
YJR045C,SSC1
YJL156C,SSY5
YJR086W,STE18
YJR117W,STE24
YJR130C,STR2
YJR007W,SUI2
YJL187C,SWE1
YJL176C,SWI3
YJL004C,SYS1
YJL035C,TAD2
YJR046W,TAH11
YJL083W,TAX4
YJR116W,TDA4
YJL052W,TDH1
YJR009C,TDH2
YJR019C,TES1
YJR156C,THI11
YJL138C,TIF2
YJL143W,TIM17
YJL054W,TIM54
YJR135W-A,TIM8
YJR014W,TMA22
YJR085C,TMH11
YJL171C,TOH1
YJL093C,TOK1
YJR066W,TOR1
YJL016W,TPH3
YJL164C,TPK1
YJL129C,TRK1
YJL087C,TRL1
YJR136C,TTI2
YJL197W,UBP12
YJL048C,UBX6
YJL130C,URA2
YJR103W,URA8
YJR041C,URB2
YJL109C,UTP10
YJL069C,UTP18
YJR049C,UTR1
YJR102C,VPS25
YJL154C,VPS35
YJL029C,VPS53
YJR044C,VPS55
YJR126C,VPS70
YJL012C,VTC4
YJL222W,VTH2
YJR133W,XPT1
YJR067C,YAE1
YJL141C,YAK1
YJL059W,YHC3
YJR110W,YMR1
YJR099W,YUH1
YJL139C,YUR1
YJL056C,ZAP1
YJL007C,YJL007C
YJL009W,YJL009W
YJL012C-A,YJL012C-A
YJL015C,YJL015C
YJL017W,YJL017W
YJL018W,YJL018W
YJL020W-A,YJL020W-A
YJL021C,YJL021C
YJL022W,YJL022W
YJL026C-A,YJL026C-A
YJL027C,YJL027C
YJL028W,YJL028W
YJL032W,YJL032W
YJL043W,YJL043W
YJL047C-A,YJL047C-A
YJL052C-A,YJL052C-A
YJL064W,YJL064W
YJL067W,YJL067W
YJL068C,YJL068C
YJL070C,YJL070C
YJL077W-A,YJL077W-A
YJL077W-B,YJL077W-B
YJL086C,YJL086C
YJL107C,YJL107C
YJL113W,YJL113W
YJL114W,YJL114W
YJL118W,YJL118W
YJL119C,YJL119C
YJL120W,YJL120W
YJL127W-A,YJL127W-A
YJL132W,YJL132W
YJL135W,YJL135W
YJL136W-A,YJL136W-A
YJL150W,YJL150W
YJL152W,YJL152W
YJL156W-A,YJL156W-A
YJL163C,YJL163C
YJL169W,YJL169W
YJL175W,YJL175W
YJL182C,YJL182C
YJL193W,YJL193W
YJL195C,YJL195C
YJL197C-A,YJL197C-A
YJL202C,YJL202C
YJL206C,YJL206C
YJL211C,YJL211C
YJL213W,YJL213W
YJL215C,YJL215C
YJL218W,YJL218W
YJL220W,YJL220W
YJL222W-A,YJL222W-A
YJL222W-B,YJL222W-B
YJL225C,YJL225C
YJL225W-A,YJL225W-A
YJR012C,YJR012C
YJR015W,YJR015W
YJR018W,YJR018W
YJR020W,YJR020W
YJR023C,YJR023C
YJR026W,YJR026W
YJR027W,YJR027W
YJR028W,YJR028W
YJR029W,YJR029W
YJR037W,YJR037W
YJR038C,YJR038C
YJR056C,YJR056C
YJR071W,YJR071W
YJR079W,YJR079W
YJR084W,YJR084W
YJR087W,YJR087W
YJR096W,YJR096W
YJR098C,YJR098C
YJR107C-A,YJR107C-A
YJR112W-A,YJR112W-A
YJR114W,YJR114W
YJR115W,YJR115W
YJR124C,YJR124C
YJR128W,YJR128W
YJR140W-A,YJR140W-A
YJR142W,YJR142W
YJR146W,YJR146W
YJR149W,YJR149W
YJR151W-A,YJR151W-A
YJR154W,YJR154W
YJR157W,YJR157W
YJR162C,YJR162C
YKL075C,AAN1
YKL106W,AAT1
YKL112W,ABF1
YKL192C,ACP1
YKL206C,ADD66
YKL037W,AIM26
YKR074W,AIM29
YKR021W,ALY1
YKL047W,ANR2
YKL103C,APE1
YKL157W,APE2
YKL135C,APL2
YKL114C,APN1
YKL013C,ARC19
YKL185W,ASH1
YKL052C,ASK1
YKL016C,ATP7
YKL004W,AUR1
YKL146W,AVT3
YKR099W,BAS1
YKR027W,BCH2
YKR068C,BET3
YKL061W,BLI1
YKL092C,BUD2
YKL005C,BYE1
YKL088W,CAB3
YKR036C,CAF4
YKL007W,CAP1
YKL208W,CBT1
YKL011C,CCE1
YKR066C,CCP1
YKL022C,CDC16
YKL137W,CMC1
YKL190W,CNB1
YKL219W,COS9
YKL179C,COY1
YKL049C,CSE4
YKL139W,CTK1
YKL090W,CUE2
YKL096W,CWP1
YKL096W-A,CWP2
YKL087C,CYT2
YKR083C,DAD2
YKR034W,DAL80
YKR024C,DBP7
YKL149C,DBR1
YKL046C,DCW1
YKL054C,DEF1
YKL121W,DGR2
YKL078W,DHR2
YKR035W-A,DID2
YKL002W,DID4
YKL213C,DOA1
YKL065W-A,DPC7
YKL191W,DPH2
YKR071C,DRE2
YKR054C,DYN1
YKL204W,EAP1
YKL172W,EBP2
YKR076W,ECM4
YKR004C,ECM9
YKL160W,ELF1
YKL048C,ELM1
YKL207W,EMC3
YKR096W,ESL2
YKL182W,FAS1
YKL187C,FAT3
YKL060C,FBA1
YKR102W,FLO10
YKR049C,FMP46
YKR009C,FOX2
YKR011C,FPT1
YKL220C,FRE2
YKR039W,GAP1
YKR026C,GCN3
YKR106W,GEX2
YKL104C,GFA1
YKR058W,GLG1
YKR030W,GMH1
YKL152C,GPM1
YKR067W,GPT2
YKL026C,GPX1
YKL109W,HAP4
YKR084C,HBS1
YKL017C,HCS1
YKR017C,HEL1
YKR051W,HFL1
YKL084W,HOT13
YKL138C-A,HSK3
YKL101W,HSL1
YKL189W,HYM1
YKR019C,IRS4
YKL032C,IXR1
YKL217W,JEN1
YKR038C,KAE1
YKL161C,KDX1
YKL168C,KKQ8
YKL110C,KTI12
YKR061W,KTR2
YKL008C,LAC1
YKR063C,LAS1
YKL073W,LHS1
YKL205W,LOS1
YKL183W,LOT5
YKL050C,LPX2
YKL176C,LST4
YKL143W,LTV1
YKL029C,MAE1
YKL021C,MAK11
YKL093W,MBR1
YKL165C,MCD4
YKL221W,MCH2
YKL018C-A,MCO12
YKL150W,MCR1
YKL085W,MDH1
YKL053C-A,MDM35
YKR007W,MEH1
YKR069W,MET1
YKL001C,MET14
YKL195W,MIA40
YKR016W,MIC60
YKL089W,MIF2
YKL023C-A,MIN9
YKR095W,MLP1
YKL044W,MMO1
YKL201C,MNN4
YKL064W,MNR2
YKL059C,MPE1
YKL003C,MRP17
YKL167C,MRP49
YKL142W,MRP8
YKR006C,MRPL13
YKR085C,MRPL20
YKL138C,MRPL31
YKL170W,MRPL38
YKR052C,MRS4
YKL009W,MRT4
YKR077W,MSA2
YKL062W,MSN4
YKL194C,MST1
YKL098W,MTC2
YKR080W,MTD1
YKL186C,MTR2
YKL074C,MUD2
YKL129C,MYO3
YKR048C,NAP1
YKR103W,NFT1
YKL040C,NFU1
YKL171W,NNK1
YKL151C,NNR2
YKR022C,NTR2
YKL068W,NUP100
YKL057C,NUP120
YKR082W,NUP133
YKL120W,OAC1
YKR064W,OAF3
YKL055C,OAR1
YKL134C,OCT1
YKR087C,OMA1
YKR035C,OPI8
YKR003W,OSH6
YKL071W,OSI1
YKL215C,OXP1
YKR065C,PAM17
YKL025C,PAN3
YKR002W,PAP1
YKL224C,PAU16
YKR095W-A,PCC1
YKR097W,PCK1
YKL197C,PEX1
YKL127W,PGM1
YKL043W,PHD1
YKL164C,PIR1
YKL163W,PIR3
YKR046C,PLN1
YKL128C,PMU1
YKL045W,PRI2
YKR086W,PRP16
YKL012W,PRP40
YKL116C,PRR1
YKL181W,PRS1
YKR013W,PRY2
YKL077W,PSG1
YKL076C,PSY1
YKL198C,PTK1
YKL039W,PTM1
YKR093W,PTR2
YKL015W,PUT3
YKL188C,PXA2
YKR090W,PXL1
YKL113C,RAD27
YKL019W,RAM2
YKL133C,RCI50
YKL159C,RCN1
YKL038W,RGT1
YKR055W,RHO4
YKL132C,RMA1
YKL144C,RPC25
YKR025W,RPC37
YKR081C,RPF2
YKL006W,RPL14A
YKL180W,RPL17A
YKR094C,RPL40B
YKR057W,RPS21A
YKL156W,RPS27A
YKL145W,RPT1
YKR023W,RQT4
YKL125W,RRN3
YKL082C,RRP14
YKR008W,RSC4
YKL155C,RSM22
YKL212W,SAC1
YKR028W,SAP190
YKL117W,SBA1
YKL148C,SDH1
YKL141W,SDH3
YKL193C,SDS22
YKL105C,SEG2
YKR029C,SET3
YKL051W,SFK1
YKL006C-A,SFT1
YKR043C,SHB17
YKL130C,SHE2
YKR101W,SIR1
YKR072C,SIS2
YKL023W,SKA1
YKR100C,SKG1
YKL108W,SLD2
YKL079W,SMY1
YKL173W,SNU114
YKR037C,SPC34
YKL042W,SPC42
YKL184W,SPE1
YKR031C,SPO14
YKL020C,SPT23
YKR091W,SRL3
YKL154W,SRP102
YKL122C,SRP21
YKR092C,SRP40
YKL086W,SRX1
YKL218C,SRY1
YKL124W,SSH4
YKL072W,STB6
YKL178C,STE3
YKL209C,STE6
YKL018W,SWD2
YKL027W,TCD2
YKL081W,TEF4
YKL028W,TFA1
YKR062W,TFA2
YKL140W,TGL1
YKR089C,TGL4
YKR059W,TIF1
YKL056C,TMA19
YKL058W,TOA2
YKR010C,TOF2
YKL203C,TOR2
YKL166C,TPK3
YKL174C,TPO5
YKR050W,TRK2
YKR056W,TRM2
YKL211C,TRP3
YKR079C,TRZ1
YKL033W,TTI1
YKL034W,TUL1
YKR088C,TVP38
YKL210W,UBA1
YKR098C,UBP11
YKL010C,UFD4
YKL035W,UGP1
YKR044W,UIP5
YKL216W,URA1
YKL024C,URA6
YKL014C,URB1
YKR042W,UTH1
YKL099C,UTP11
YKR060W,UTP30
YKR105C,VBA5
YKL080W,VMA5
YKL119C,VPH2
YKR001C,VPS1
YKL041W,VPS24
YKR078W,VPS501
YKR020W,VPS51
YKL065C,YET1
YKL095W,YJU2
YKL094W,YJU3
YKL196C,YKT6
YKL067W,YNK1
YKL100C,YPF1
YKL126W,YPK1
YKR014C,YPT52
YKL214C,YRA2
YKR053C,YSR3
YKL175W,ZRT3
YKL003W-A,YKL003W-A
YKL030W,YKL030W
YKL031W,YKL031W
YKL033W-A,YKL033W-A
YKL036C,YKL036C
YKL053W,YKL053W
YKL063C,YKL063C
YKL066W,YKL066W
YKL068W-A,YKL068W-A
YKL069W,YKL069W
YKL070W,YKL070W
YKL083W,YKL083W
YKL091C,YKL091C
YKL096C-B,YKL096C-B
YKL097C,YKL097C
YKL100W-A,YKL100W-A
YKL102C,YKL102C
YKL104W-A,YKL104W-A
YKL106C-A,YKL106C-A
YKL107W,YKL107W
YKL111C,YKL111C
YKL115C,YKL115C
YKL118W,YKL118W
YKL123W,YKL123W
YKL131W,YKL131W
YKL136W,YKL136W
YKL145W-A,YKL145W-A
YKL147C,YKL147C
YKL153W,YKL153W
YKL156C-A,YKL156C-A
YKL158W,YKL158W
YKL162C,YKL162C
YKL162C-A,YKL162C-A
YKL165C-A,YKL165C-A
YKL169C,YKL169C
YKL177W,YKL177W
YKL183C-A,YKL183C-A
YKL199C,YKL199C
YKL200C,YKL200C
YKL202W,YKL202W
YKL222C,YKL222C
YKL223W,YKL223W
YKL225W,YKL225W
YKR004C-A,YKR004C-A
YKR005C,YKR005C
YKR012C,YKR012C
YKR015C,YKR015C
YKR018C,YKR018C
YKR032W,YKR032W
YKR033C,YKR033C
YKR040C,YKR040C
YKR041W,YKR041W
YKR045C,YKR045C
YKR047W,YKR047W
YKR070W,YKR070W
YKR073C,YKR073C
YKR075C,YKR075C
YKR075W-A,YKR075W-A
YKR099C-A,YKR099C-A
YKR104W,YKR104W
YLR027C,AAT2
YLR131C,ACE2
YLR144C,ACF2
YLR304C,ACO1
YLR153C,ACS2
YLR359W,ADE13
YLR028C,ADE16
YLR227C,ADY4
YLR040C,AFB1
YLR397C,AFG2
YLR109W,AHP1
YLR089C,ALT1
YLR127C,APC2
YLR102C,APC9
YLR170C,APS1
YLL052C,AQY2
YLR370C,ARC18
YLR085C,ARP6
YLR392C,ART10
YLR242C,ARV1
YLR155C,ASP3-1
YLR157C,ASP3-2
YLR158C,ASP3-3
YLR160C,ASP3-4
YLL042C,ATG10
YLR423C,ATG17
YLR431C,ATG23
YLR189C,ATG26
YLR356W,ATG33
YLR211C,ATG38
YLR312C,ATG39
YLR393W,ATP10
YLR295C,ATP14
YLR114C,AVL9
YLL063C,AYT1
YLR399C,BDF1
YLR412W,BER1
YLR408C,BLS1
YLR063W,BMT6
YLR231C,BNA5
YLR267W,BOP2
YLR078C,BOS1
YLL015W,BPT1
YLR015W,BRE2
YLR465C,BSC3
YLR074C,BUD20
YLR062C,BUD28
YLR319C,BUD6
YLR353W,BUD8
YLR226W,BUR2
YLR438W,CAR2
YLR175W,CBF5
YLR220W,CCC1
YLR110C,CCW12
YLR390W-A,CCW14
YLR307W,CDA1
YLR308W,CDA2
YLR215C,CDC123
YLR310C,CDC25
YLR314C,CDC3
YLR229C,CDC42
YLR103C,CDC45
YLR418C,CDC73
YLR245C,CDD1
YLR115W,CFT2
YLR098C,CHA4
YLR330W,CHS5
YLR346C,CIS1
YLR133W,CKI1
YLR210W,CLB4
YLR117C,CLF1
YLR271W,CMG1
YLR003C,CMS1
YLR433C,CNA1
YLR218C,COA4
YLL050C,COF1
YLR290C,COQ11
YLR201C,COQ9
YLR038C,COX12
YLL009C,COX17
YLL018C-A,COX19
YLR395C,COX8
YLR216C,CPR6
YLR253W,CQD2
YLR429W,CRN1
YLR213C,CRR1
YLR241W,CSC1
YLR087C,CSF1
YLR380W,CSR1
YLR394W,CST9
YLR381W,CTF3
YLR411W,CTR3
YLR286C,CTS1
YLR323C,CWC24
YLR276C,DBP9
YLR422W,DCK1
YLR128W,DCN1
YLR361C,DCR2
YLR270W,DCS1
YLR348C,DIC1
YLR437C,DIF1
YLR129W,DIP2
YLL001W,DNM1
YLR307C-A,DPA10
YLR172C,DPH5
YLR143W,DPH6
YLL018C,DPS1
YLL008W,DRS1
YLR401C,DUS3
YLR405W,DUS4
YLR284C,ECI1
YLR390W,ECM19
YLR228C,ECM22
YLR436C,ECM30
YLR299W,ECM38
YLR443W,ECM7
YLR372W,ELO3
YLR050C,EMA19
YLL014W,EMC6
YLR186W,EMG1
YLR080W,EMP46
YLR083C,EMP70
YLR206W,ENT2
YLL038C,ENT4
YLR246W,ERF2
YLR100W,ERG27
YLR056W,ERG3
YLR233C,EST1
YLR318W,EST2
YLR300W,EXG1
YLR238W,FAR10
YLR377C,FBP1
YLR051C,FCF2
YLR342W,FKS1
YLR077W,FMP25
YLR454W,FMP27
YLR449W,FPR4
YLL043W,FPS1
YLL029W,FRA1
YLR214W,FRE1
YLL051C,FRE6
YLR047C,FRE8
YLR060W,FRS1
YLR068W,FYV7
YLR088W,GAA1
YLR459W,GAB1
YLR407W,GAG1
YLR081W,GAL2
YLR343W,GAS2
YLR013W,GAT3
YLR291C,GCD7
YLR091W,GEP5
YLR149C,GID11
YLR094C,GIS3
YLR445W,GMC2
YLL031C,GPI13
YLR243W,GPN3
YLL035W,GRC3
YLR364W,GRX8
YLR293C,GSP1
YLR258W,GSY2
YLL060C,GTT2
YLR289W,GUF1
YLR256W,HAP1
YLR192C,HCR1
YLL022C,HIF1
YLR450W,HMG2
YLR205C,HMX1
YLR113W,HOG1
YLR207W,HRD3
YLR301W,HRI1
YLR097C,HRT3
YLL026W,HSP104
YLR259C,HSP60
YLL058W,HSU1
YLR099C,ICT1
YLR174W,IDP2
YLR052W,IES3
YLR223C,IFH1
YLR384C,IKI3
YLR355C,ILV5
YLR432W,IMD3
YLR309C,IMH1
YLR413W,INA1
YLR095C,IOC2
YLL033W,IRC19
YLR247C,IRC20
YLR021W,IRC25
YLL027W,ISA1
YLR023C,IZH3
YLR331C,JIP3
YLL057C,JLP1
YLR347C,KAP95
YLR096W,KIN2
YLL019C,KNS1
YLR072W,LAM6
YLR260W,LCB5
YLR104W,LCL2
YLL049W,LDB18
YLR451W,LEU3
YLR239C,LIP2
YLL007C,LMO1
YLR011W,LOT6
YLR438C-A,LSM3
YLR352W,LUG1
YLR427W,MAG2
YLR244C,MAP1
YLR163C,MAS1
YLR274W,MCM5
YLR188W,MDL1
YLR368W,MDM30
YLR288C,MEC3
YLR069C,MEF1
YLR303W,MET17
YLR017W,MEU1
YLL062C,MHT1
YLR332W,MID2
YLR099W-A,MIM2
YLR035C,MLH2
YLR049C,MLO50
YLL006W,MMM1
YLL061W,MMP1
YLR190W,MMR1
YLR320W,MMS22
YLR057W,MNL2
YLR312W-A,MRPL15
YLR439W,MRPL4
YLR219W,MSC3
YLR116W,MSL5
YLR203C,MSS51
YLR382C,NAM2
YLR457C,NBP1
YLR194C,NCW2
YLR254C,NDL1
YLR265C,NEJ1
YLR042C,NFG1
YLR446W,NGK1
YLR138W,NHA1
YLR351C,NIT3
YLR315W,NKP2
YLR328W,NMA1
YLR363C,NMD4
YLR195C,NMT1
YLR285W,NNT1
YLR002C,NOC3
YLR197W,NOP56
YLR053C,NRS1
YLR007W,NSE1
YLR335W,NUP2
YLR093C,NYV1
YLR338W,OPI9
YLL004W,ORC3
YLR350W,ORM2
YLR054C,OSW2
YLR008C,PAM18
YLL025W,PAU17
YLL064C,PAU18
YLR037C,PAU23
YLR461W,PAU4
YLR199C,PBA1
YLR151C,PCD1
YLR044C,PDC1
YLR134W,PDC5
YLR455W,PDP3
YLR266C,PDR8
YLR148W,PEP3
YLR064W,PER33
YLR067C,PET309
YLR191W,PEX13
YLR324W,PEX30
YLR273C,PIG1
YLR016C,PML1
YLR209C,PNP1
YLL023C,POM33
YLR018C,POM34
YLR014C,PPR1
YLL036C,PRP19
YLL010C,PSR1
YLR019W,PSR2
YLR376C,PSY3
YLL013C,PUF3
YLR414C,PUN1
YLR165C,PUS5
YLR142W,PUT1
YLR283W,PUT7
YLR196W,PWP1
YLR204W,QRI5
YLR032W,RAD5
YLR084C,RAX2
YLR248W,RCK2
YLR106C,REA1
YLR329W,REC102
YLR263W,RED1
YLR387C,REH1
YLR059C,REX2
YLR107W,REX3
YLR073C,RFU1
YLR176C,RFX1
YLR071C,RGR1
YLR039C,RIC1
YLR453C,RIF2
YLL034C,RIX7
YLR137W,RKM5
YLR009W,RLP24
YLR145W,RMP1
YLR154C,RNH203
YLL046C,RNP1
YLR371W,ROM2
YLR075W,RPL10
YLR029C,RPL15A
YLR061W,RPL22A
YLR344W,RPL26A
YLR406C,RPL31B
YLR185W,RPL37A
YLR325C,RPL38
YLR448W,RPL6B
YLL045C,RPL8B
YLR421C,RPN13
YLR340W,RPP0
YLR048W,RPS0B
YLR441C,RPS1A
YLR367W,RPS22B
YLR333C,RPS25B
YLR264W,RPS28B
YLR388W,RPS29A
YLR287C-A,RPS30A
YLR167W,RPS31
YLR141W,RRN5
YLR162W-A,RRT15
YLL030C,RRT7
YLR221C,RSA3
YLR357W,RSC2
YLR033W,RSC58
YLR281C,RSO55
YLL002W,RTT109
YLR180W,SAM1
YLL016W,SDC25
YLL041C,SDH2
YLR022C,SDO1
YLR166C,SEC10
YLR208W,SEC13
YLR268W,SEC22
YLR440C,SEC39
YLR378C,SEC61
YLR292C,SEC72
YLR026C,SED5
YLR404W,SEI1
YLR430W,SEN1
YLR105C,SEN2
YLR321C,SFH1
YLL003W,SFI1
YLR403W,SFP1
YLR336C,SGD1
YLR164W,SHH4
YLR058C,SHM2
YLR079W,SIC1
YLR442C,SIR3
YLR187W,SKG3
YLR398C,SKI2
YLR139C,SLS1
YLR135W,SLX4
YLR086W,SMC4
YLR383W,SMC6
YLR275W,SMD2
YLR147C,SMD3
YLR034C,SMF3
YLR065C,SND2
YLR025W,SNF7
YLL011W,SOF1
YLL021W,SPA2
YLR066W,SPC3
YLR146C,SPE4
YLR313C,SPH1
YLL005C,SPO75
YLR341W,SPO77
YLR424W,SPP382
YLR055C,SPT8
YLR082C,SRL2
YLR119W,SRN2
YLL024C,SSA2
YLR006C,SSK1
YLR005W,SSL1
YLR250W,SSP120
YLR369W,SSQ1
YLR452C,SST2
YLR362W,STE11
YLR389C,STE23
YLR150W,STM1
YLR375W,STP3
YLR305C,STT4
YLR045C,STU2
YLR092W,SUL2
YLR385C,SWC7
YLR182W,SWI6
YLR251W,SYM1
YLR316C,TAD3
YLR173W,TAG1
YLR354C,TAL1
YLR154W-C,TAR1
YLR426W,TDA5
YLR010C,TEN1
YLR178C,TFS1
YLR237W,THI7
YLR004C,THI73
YLR136C,TIS11
YLR327C,TMA10
YLR262C-A,TMA7
YLR118C,TML25
YLR234W,TOP3
YLR183C,TOS4
YLL028W,TPO1
YLR043C,TRX1
YLR435W,TSR2
YLR212C,TUB4
YLR425W,TUS1
YLR306W,UBC12
YLL039C,UBI4
YLR024C,UBR2
YLR224W,UCC1
YLR193C,UPS1
YLR168C,UPS2
YLR420W,URA4
YLR132C,USB1
YLR222C,UTP13
YLR409C,UTP21
YLR386W,VAC14
YLR373C,VID22
YLR410W,VIP1
YLR447C,VMA6
YLL040C,VPS13
YLR396C,VPS33
YLR240W,VPS34
YLR417W,VPS36
YLR360W,VPS38
YLR261C,VPS63
YLR322W,VPS65
YLR337C,VRP1
YLR181C,VTA1
YLR090W,XDJ1
YLR070C,XYL2
YLL048C,YBT1
YLR272C,YCS4
YLL055W,YCT1
YLR249W,YEF3
YLL012W,YEH1
YLR020C,YEH2
YLR298C,YHC1
YLR200W,YKE2
YLR120C,YPS1
YLR121C,YPS3
YLR262C,YPT6
YLR466W,YRF1-4
YLR467W,YRF1-5
YLR277C,YSH1
YLR130C,ZRT2
YLL006W-A,YLL006W-A
YLL017W,YLL017W
YLL019W-A,YLL019W-A
YLL020C,YLL020C
YLL032C,YLL032C
YLL037W,YLL037W
YLL044W,YLL044W
YLL047W,YLL047W
YLL053C,YLL053C
YLL054C,YLL054C
YLL056C,YLL056C
YLL059C,YLL059C
YLL065W,YLL065W
YLL066C,YLL066C
YLL066W-A,YLL066W-A
YLL066W-B,YLL066W-B
YLL067C,YLL067C
YLL067W-A,YLL067W-A
YLR001C,YLR001C
YLR012C,YLR012C
YLR030W,YLR030W
YLR031W,YLR031W
YLR035C-A,YLR035C-A
YLR036C,YLR036C
YLR041W,YLR041W
YLR046C,YLR046C
YLR076C,YLR076C
YLR101C,YLR101C
YLR108C,YLR108C
YLR111W,YLR111W
YLR112W,YLR112W
YLR120W-A,YLR120W-A
YLR122C,YLR122C
YLR123C,YLR123C
YLR124W,YLR124W
YLR125W,YLR125W
YLR126C,YLR126C
YLR140W,YLR140W
YLR146W-A,YLR146W-A
YLR149C-A,YLR149C-A
YLR152C,YLR152C
YLR154C-G,YLR154C-G
YLR154C-H,YLR154C-H
YLR154W-A,YLR154W-A
YLR154W-B,YLR154W-B
YLR154W-E,YLR154W-E
YLR154W-F,YLR154W-F
YLR156C-A,YLR156C-A
YLR156W,YLR156W
YLR157C-A,YLR157C-A
YLR157C-B,YLR157C-B
YLR157C-C,YLR157C-C
YLR157W-D,YLR157W-D
YLR157W-E,YLR157W-E
YLR159C-A,YLR159C-A
YLR159W,YLR159W
YLR161W,YLR161W
YLR162W,YLR162W
YLR163W-A,YLR163W-A
YLR169W,YLR169W
YLR171W,YLR171W
YLR177W,YLR177W
YLR179C,YLR179C
YLR184W,YLR184W
YLR198C,YLR198C
YLR202C,YLR202C
YLR217W,YLR217W
YLR222C-A,YLR222C-A
YLR225C,YLR225C
YLR227W-A,YLR227W-A
YLR227W-B,YLR227W-B
YLR230W,YLR230W
YLR232W,YLR232W
YLR235C,YLR235C
YLR236C,YLR236C
YLR252W,YLR252W
YLR255C,YLR255C
YLR256W-A,YLR256W-A
YLR257W,YLR257W
YLR264C-A,YLR264C-A
YLR269C,YLR269C
YLR278C,YLR278C
YLR279W,YLR279W
YLR280C,YLR280C
YLR282C,YLR282C
YLR285C-A,YLR285C-A
YLR286W-A,YLR286W-A
YLR287C,YLR287C
YLR294C,YLR294C
YLR296W,YLR296W
YLR297W,YLR297W
YLR299C-A,YLR299C-A
YLR302C,YLR302C
YLR311C,YLR311C
YLR312C-B,YLR312C-B
YLR317W,YLR317W
YLR326W,YLR326W
YLR334C,YLR334C
YLR339C,YLR339C
YLR342W-A,YLR342W-A
YLR345W,YLR345W
YLR347W-A,YLR347W-A
YLR349W,YLR349W
YLR358C,YLR358C
YLR361C-A,YLR361C-A
YLR363W-A,YLR363W-A
YLR364C-A,YLR364C-A
YLR365W,YLR365W
YLR366W,YLR366W
YLR374C,YLR374C
YLR379W,YLR379W
YLR379W-A,YLR379W-A
YLR391W,YLR391W
YLR399W-A,YLR399W-A
YLR400W,YLR400W
YLR402W,YLR402W
YLR406C-A,YLR406C-A
YLR410W-A,YLR410W-A
YLR410W-B,YLR410W-B
YLR412C-A,YLR412C-A
YLR415C,YLR415C
YLR416C,YLR416C
YLR419W,YLR419W
YLR428C,YLR428C
YLR434C,YLR434C
YLR437C-A,YLR437C-A
YLR444C,YLR444C
YLR456W,YLR456W
YLR458W,YLR458W
YLR460C,YLR460C
YLR462W,YLR462W
YLR463C,YLR463C
YLR464W,YLR464W
YLR466C-A,YLR466C-A
YLR466C-B,YLR466C-B
YLR467C-A,YLR467C-A
YMR056C,AAC1
YMR072W,ABF2
YMR289W,ABZ2
YMR184W,ADD37
YMR120C,ADE17
YMR300C,ADE4
YMR303C,ADH2
YMR083W,ADH3
YMR318C,ADH6
YMR009W,ADI1
YMR064W,AEP1
YMR282C,AEP2
YML050W,AIM32
YML087C,AIM33
YMR003W,AIM34
YMR157C,AIM36
YMR092C,AIP1
YMR170C,ALD2
YMR169C,ALD3
YML086C,ALO1
YML035C,AMD1
YMR010W,ANY1
YML022W,APT1
YMR041C,ARA2
YMR062C,ARG7
YMR042W,ARG80
YML099C,ARG81
YMR033W,ARP9
YMR116C,ASC1
YMR119W,ASI1
YMR159C,ATG16
YMR301C,ATM1
YML081C-A,ATP18
YMR098C,ATP25
YML116W,ATR1
YMR279C,ATR2
YMR068W,AVO2
YMR237W,BCH1
YML077W,BET5
YMR055C,BUB2
YMR014W,BUD22
YMR275C,BUL1
YML111W,BUL2
YML102W,CAC2
YML042W,CAT2
YMR280C,CAT8
YMR038C,CCS1
YMR001C,CDC5
YMR213W,CEF1
YMR168C,CEP3
YML079W,CFF1
YML036W,CGI121
YMR198W,CIK1
YMR138W,CIN4
YMR199W,CLN1
YMR012W,CLU1
YMR194C-B,CMC4
YML057W,CMP2
YMR244C-A,COA6
YML071C,COG8
YML110C,COQ5
YML132W,COS3
YML129C,COX14
YMR256C,COX7
YML078W,CPR3
YMR025W,CSI1
YMR048W,CSM3
YMR094W,CTF13
YMR078C,CTF18
YML112W,CTK3
YMR180C,CTL1
YMR264W,CUE1
YML101C,CUE4
YMR240C,CUS1
YMR160W,CVM1
YML054C,CYB2
YML070W,DAK1
YML113W,DAT1
YMR173W,DDR48
YMR238W,DFG5
YMR316W,DIA1
YMR126C,DLT1
YMR211W,DML1
YMR162C,DNF3
YMR130W,DPI35
YMR276W,DSK2
YMR287C,DSS1
YML080W,DUS1
YMR299C,DYN3
YMR171C,EAR1
YMR128W,ECM16
YMR176W,ECM5
YMR212C,EFR3
YMR031C,EIS1
YMR312W,ELP6
YMR124W,EPO1
YMR049C,ERB1
YMR208W,ERG12
YML126C,ERG13
YMR202W,ERG2
YMR134W,ERG29
YMR015C,ERG5
YML008C,ERG6
YMR220W,ERG8
YML130C,ERO1
YMR323W,ERR3
YML012W,ERV25
YML067C,ERV41
YMR219W,ESC1
YMR111C,EUC1
YMR246W,FAA4
YMR052W,FAR3
YMR029C,FAR8
YMR277W,FCP1
YMR144W,FDO1
YMR058W,FET3
YMR319C,FET4
YMR306W,FKS3
YMR221C,FMP42
YMR020W,FMS1
YMR113W,FOL3
YML074C,FPR3
YMR178W,FPY1
YMR222C,FSH2
YMR232W,FUS2
YMR250W,GAD1
YML051W,GAL80
YMR307W,GAS1
YMR215W,GAS3
YMR136W,GAT2
YMR189W,GCV2
YMR255W,GFD1
YMR135C,GID8
YML094W,GIM5
YML006C,GIS4
YMR311C,GLC8
YML004C,GLO1
YMR292W,GOT1
YMR281W,GPI12
YML048W,GSF2
YMR251W,GTO3
YML121W,GTR1
YMR217W,GUA1
YMR192W,GYL1
YMR290C,HAS1
YMR293C,HER2
YMR207C,HFA1
YMR110C,HFD1
YMR161W,HLJ1
YML075C,HMG1
YMR032W,HOF1
YMR251W-A,HOR7
YMR172W,HOT1
YMR186W,HSC82
YMR288W,HSH155
YML058W-A,HUG1
YMR011W,HXT2
YMR195W,ICY1
YMR108W,ILV2
YML056C,IMD4
YMR150C,IMP1
YMR035W,IMP2
YMR204C,INP1
YMR163C,INP2
YMR044W,IOC4
YMR073C,IRC21
YMR081C,ISF1
YML068W,ITT1
YMR132C,JLP2
YMR294W,JNM1
YMR065W,KAR5
YMR102C,LAF1
YMR296C,LCB1
YMR148W,LDO16
YMR147W,LDO45
YML037C,LFT1
YMR298W,LIP1
YMR021C,MAC1
YMR043W,MCM1
YML104C,MDM1
YMR112C,MED11
YML062C,MFT1
YMR210W,MGL2
YMR115W,MGR3
YMR036C,MIH1
YMR182W-A,MIN3
YML007C-A,MIN4
YMR002W,MIX17
YMR167W,MLH1
YMR252C,MLO1
YMR166C,MME1
YMR177W,MMT1
YMR070W,MOT3
YMR224C,MRE11
YMR193W,MRPL24
YMR024W,MRPL3
YMR286W,MRPL33
YML009C,MRPL39
YMR225C,MRPL44
YMR188C,MRPS17
YMR158W,MRPS8
YML128C,MSC1
YMR037C,MSN2
YMR023C,MSS1
YMR164C,MSS11
YMR228W,MTF1
YMR097C,MTG1
YMR100W,MUB1
YMR004W,MVP1
YMR109W,MYO5
YML117W,NAB6
YMR080C,NAM7
YMR069W,NAT4
YMR122W-A,NCW1
YML031W,NDC1
YMR145C,NDE1
YML120C,NDI1
YMR285C,NGL2
YML118W,NGL3
YMR309C,NIP1
YMR091C,NPL6
YML023C,NSE5
YML059C,NTE1
YMR047C,NUP116
YML103C,NUP188
YMR153W,NUP53
YML060W,OGG1
YMR226C,ORA1
YML065W,ORC1
YML019W,OST6
YMR165C,PAH1
YMR174C,PAI3
YMR325W,PAU19
YMR087W,PDL32
YMR076C,PDS5
YMR231W,PEP5
YMR257C,PET111
YMR026C,PEX12
YMR018W,PEX9
YMR205C,PFK2
YML125C,PGA3
YMR105C,PGM2
YML123C,PHO84
YML061C,PIF1
YMR123W,PKR1
YMR008C,PLB1
YMR006C,PLB2
YML107C,PML39
YML069W,POB3
YMR129W,POM152
YMR267W,PPA2
YML016C,PPZ1
YMR297W,PRC1
YMR314W,PRE5
YML092C,PRE8
YMR278W,PRM15
YML047C,PRM6
YMR268C,PRP24
YML046W,PRP39
YMR308C,PSE1
YMR137C,PSO2
YML017W,PSP2
YML095C,RAD10
YMR201C,RAD14
YML011C,RAD33
YML032C,RAD52
YMR274C,RCE1
YML030W,RCF1
YMR034C,RCH1
YMR075W,RCO1
YMR133W,REC114
YMR182C,RGM1
YMR139W,RIM11
YMR154C,RIM13
YMR063W,RIM9
YMR283C,RIT1
YMR247C,RKR1
YMR235C,RNA1
YMR061W,RNA14
YMR234W,RNH1
YMR239C,RNT1
YMR200W,ROT1
YMR258C,ROY1
YMR142C,RPL13B
YMR121C,RPL15B
YMR242C,RPL20A
YMR194W,RPL36A
YML073C,RPL6A
YML091C,RPM2
YMR230W,RPS10B
YMR143W,RPS16A
YML024W,RPS17A
YML026C,RPS18B
YML063W,RPS1B
YMR131C,RRB1
YML043C,RRN11
YMR270C,RRN9
YMR229C,RRP5
YML127W,RSC9
YML049C,RSE1
YMR030W,RSF1
YMR266W,RSN1
YMR185W,RTP1
YMR060C,SAM37
YMR263W,SAP30
YMR127C,SAS2
YMR214W,SCJ1
YMR272C,SCS7
YMR305C,SCW10
YMR074C,SDD2
YMR079W,SEC14
YMR013C,SEC59
YML105C,SEC65
YMR086W,SEG1
YMR059W,SEN15
YMR190C,SGS1
YMR118C,SHH3
YMR175W,SIP18
YMR140W,SIP5
YMR216C,SKY1
YML066C,SMA2
YML058W,SML1
YMR095C,SNO1
YMR322C,SNO4
YMR096W,SNZ1
YMR016C,SOK2
YMR066W,SOV1
YML055W,SPC2
YMR117C,SPC24
YMR107W,SPG4
YMR191W,SPG5
YMR017W,SPO20
YMR179W,SPT21
YML010W,SPT5
YML034W,SRC1
YMR101C,SRT1
YMR183C,SSO2
YMR053C,STB2
YMR019W,STB4
YMR125W,STO1
YMR054W,STV1
YMR039C,SUB1
YML052W,SUR7
YMR149W,SWP1
YML015C,TAF11
YML098W,TAF13
YMR005W,TAF4
YMR227C,TAF7
YML114C,TAF8
YMR236W,TAF9
YMR028W,TAP42
YML072C,TCB3
YMR291W,TDA1
YML081W,TDA9
YML064C,TEM1
YMR313C,TGL3
YMR260C,TIF11
YMR146C,TIF34
YMR269W,TMA23
YMR203W,TOM40
YMR156C,TPP1
YMR261C,TPS3
YMR233W,TRI1
YML005W,TRM12
YMR259C,TRM732
YML014W,TRM9
YMR218C,TRS130
YML028W,TSA1
YML100W,TSL1
YML085C,TUB1
YML124C,TUB3
YMR071C,TVP18
YMR022W,UBC7
YMR304W,UBP15
YMR223W,UBP8
YML013W,UBX2
YMR067C,UBX4
YML088W,UFO1
YML021C,UNG1
YMR310C,UPA2
YMR271C,URA10
YML106W,URA5
YML029W,USA1
YML093W,UTP14
YMR093W,UTP15
YML115C,VAN1
YMR088C,VBA1
YMR077C,VPS20
YML041C,VPS71
YML097C,VPS9
YML002W,VRL1
YMR197C,VTI1
YML076C,WAR1
YML007W,YAP1
YMR040W,YET2
YMR241W,YHM2
YMR152W,YIM1
YMR151W,YIM2
YMR284W,YKU70
YMR106C,YKU80
YML038C,YMD8
YMR302C,YME2
YML025C,YML6
YML027W,YOX1
YMR104C,YPK2
YML001W,YPT7
YMR089C,YTA12
YMR273C,ZDS1
YML109W,ZDS2
YMR243C,ZRC1
YML003W,YML003W
YML009C-A,YML009C-A
YML009W-B,YML009W-B
YML012C-A,YML012C-A
YML018C,YML018C
YML020W,YML020W
YML031C-A,YML031C-A
YML033W,YML033W
YML034C-A,YML034C-A
YML039W,YML039W
YML040W,YML040W
YML045W,YML045W
YML045W-A,YML045W-A
YML047W-A,YML047W-A
YML053C,YML053C
YML054C-A,YML054C-A
YML057C-A,YML057C-A
YML082W,YML082W
YML083C,YML083C
YML084W,YML084W
YML089C,YML089C
YML090W,YML090W
YML094C-A,YML094C-A
YML096W,YML096W
YML099W-A,YML099W-A
YML100W-A,YML100W-A
YML101C-A,YML101C-A
YML108W,YML108W
YML116W-A,YML116W-A
YML119W,YML119W
YML122C,YML122C
YML131W,YML131W
YML133C,YML133C
YML133W-A,YML133W-A
YML133W-B,YML133W-B
YMR001C-A,YMR001C-A
YMR007W,YMR007W
YMR008C-A,YMR008C-A
YMR013C-A,YMR013C-A
YMR013W-A,YMR013W-A
YMR027W,YMR027W
YMR030W-A,YMR030W-A
YMR031W-A,YMR031W-A
YMR045C,YMR045C
YMR046C,YMR046C
YMR046W-A,YMR046W-A
YMR050C,YMR050C
YMR051C,YMR051C
YMR052C-A,YMR052C-A
YMR057C,YMR057C
YMR075C-A,YMR075C-A
YMR082C,YMR082C
YMR084W,YMR084W
YMR085W,YMR085W
YMR086C-A,YMR086C-A
YMR090W,YMR090W
YMR099C,YMR099C
YMR103C,YMR103C
YMR105W-A,YMR105W-A
YMR114C,YMR114C
YMR119W-A,YMR119W-A
YMR122C,YMR122C
YMR135W-A,YMR135W-A
YMR141C,YMR141C
YMR141W-A,YMR141W-A
YMR153C-A,YMR153C-A
YMR155W,YMR155W
YMR158C-A,YMR158C-A
YMR158W-B,YMR158W-B
YMR172C-A,YMR172C-A
YMR173W-A,YMR173W-A
YMR175W-A,YMR175W-A
YMR181C,YMR181C
YMR187C,YMR187C
YMR193C-A,YMR193C-A
YMR194C-A,YMR194C-A
YMR196W,YMR196W
YMR206W,YMR206W
YMR209C,YMR209C
YMR230W-A,YMR230W-A
YMR242W-A,YMR242W-A
YMR244W,YMR244W
YMR245W,YMR245W
YMR247W-A,YMR247W-A
YMR253C,YMR253C
YMR254C,YMR254C
YMR262W,YMR262W
YMR265C,YMR265C
YMR268W-A,YMR268W-A
YMR272W-A,YMR272W-A
YMR272W-B,YMR272W-B
YMR290W-A,YMR290W-A
YMR294W-A,YMR294W-A
YMR295C,YMR295C
YMR304C-A,YMR304C-A
YMR306C-A,YMR306C-A
YMR307C-A,YMR307C-A
YMR315W,YMR315W
YMR315W-A,YMR315W-A
YMR316C-A,YMR316C-A
YMR316C-B,YMR316C-B
YMR317W,YMR317W
YMR320W,YMR320W
YMR321C,YMR321C
YMR324C,YMR324C
YMR326C,YMR326C
YNL331C,AAD14
YNL141W,AAH1
YNR033W,ABZ1
YNR016C,ACC1
YNL220W,ADE12
YNR044W,AGA1
YNR074C,AIF1
YNL148C,ALF1
YNL048W,ALG11
YNR030W,ALG12
YNL219C,ALG9
YNL270C,ALP1
YNL172W,APC1
YNL077W,APJ1
YNL094W,APP1
YNL065W,AQR1
YNR035C,ARC35
YNR019W,ARE2
YNL020C,ARK1
YNL059C,ARP5
YNL159C,ASI2
YNL008C,ASI3
YNL242W,ATG2
YNR007C,ATG3
YNL223W,ATG4
YNR002C,ATO2
YNL315C,ATP11
YNR020C,ATP23
YNL259C,ATX1
YNL101W,AVT4
YNL039W,BDP1
YNR058W,BIO3
YNR057C,BIO4
YNR056C,BIO5
YNL271C,BNI1
YNL233W,BNI4
YNL166C,BNI5
YNL042W,BOP3
YNL275W,BOR1
YNR051C,BRE5
YNL269W,BSC4
YNR069C,BSC5
YNR027W,BUD17
YNL305C,BXI1
YNL278W,CAF120
YNL288W,CAF40
YNL161W,CBK1
YNL192W,CHS1
YNR001C,CIT1
YNL298W,CLA4
YNL225C,CNM67
YNL051W,COG5
YNL041C,COG6
YNR041C,COQ2
YNL336W,COS1
YNR075W,COS10
YNL052W,COX5A
YNR028W,CPR8
YNL130C,CPT1
YNL247W,CRS1
YNL027W,CRZ1
YNR010W,CSE2
YNL232W,CSL4
YNL286W,CUS2
YNL155W,CUZ1
YNL245C,CWC25
YNL111C,CYB5
YNL314W,DAL82
YNL112W,DBP2
YNR038W,DBP6
YNL118C,DCP2
YNL335W,DDI2
YNL130C-A,DGR1
YNL116W,DMA2
YNL001W,DOM34
YNR067C,DSE4
YNL258C,DSL1
YNL191W,DUG3
YNL136W,EAF7
YNL024C,EFM6
YNR034W-A,EGO4
YNL327W,EGT2
YNL230C,ELA1
YNL313C,EMW1
YNL084C,END3
YNL080C,EOS1
YNL280C,ERG24
YNL125C,ESBP6
YNR054C,ESF2
YNL023C,FAP1
YNL127W,FAR11
YNL325C,FIG4
YNL068C,FKH2
YNL168C,FMP41
YNL256W,FOL1
YNR047W,FPK1
YNL135C,FPR1
YNR060W,FRE4
YNL133C,FYV6
YNL062C,GCD10
YNL199C,GCR2
YNL153C,GIM3
YNL255C,GIS2
YNL274C,GOR1
YNL038W,GPI15
YNL281W,HCH1
YNL021W,HDA1
YNL014W,HEF3
YNL030W,HHF2
YNL031C,HHT2
YNR055C,HOL1
YNL004W,HRB1
YNR032C-A,HUB1
YNL318C,HXT14
YNR072W,HXT17
YNL164C,IBD2
YNL037C,IDH1
YNL009W,IDP3
YNL215W,IES2
YNL157W,IGO1
YNL075W,IMP4
YNL152W,INN1
YNL106C,INP52
YNL182C,IPI3
YNL265C,IST1
YNL227C,JJJ1
YNL188W,KAR1
YNL238W,KEX2
YNL322C,KRE1
YNL132W,KRE33
YNL308C,KRI1
YNL024C-A,KSH1
YNL029C,KTR5
YNL045W,LAP2
YNL239W,LAP3
YNL071W,LAT1
YNL323W,LEM3
YNL104C,LEU4
YNR008W,LRO1
YNL147W,LSM7
YNL006W,LST8
YNL260C,LTO1
YNL268W,LYP1
YNR050C,LYS9
YNR073C,MAN2
YNL307C,MCK1
YNL173C,MDG1
YNL328C,MDJ2
YNL142W,MEP2
YNL210W,MER1
YNL277W,MET2
YNL103W,MET4
YNL145W,MFA2
YNL218W,MGS1
YNL100W,MIC27
YNL291C,MID1
YNL076W,MKS1
YNL085W,MKT1
YNL074C,MLF3
YNL117W,MLS1
YNR059W,MNT4
YNL297C,MON2
YNL249C,MPA43
YNR024W,MPP6
YNL122C,MRP35
YNL005C,MRP7
YNL284C,MRPL10
YNL252C,MRPL17
YNL185C,MRPL19
YNL177C,MRPL22
YNR022C,MRPL50
YNR036C,MRPS12
YNL306W,MRPS18
YNR040W,MRX15
YNL295W,MRX6
YNL211C,MRX7
YNL293W,MSB3
YNL053W,MSG5
YNL073W,MSK1
YNR049C,MSO1
YNL063W,MTQ1
YNR043W,MVD1
YNL124W,NAF1
YNL137C,NAM9
YNL240C,NAR1
YNL036W,NCE103
YNL119W,NCS2
YNL078W,NIS1
YNL123W,NMA111
YNL200C,NNR1
YNR053C,NOG2
YNL175C,NOP13
YNL110C,NOP15
YNL061W,NOP2
YNL183C,NPR1
YNL251C,NRD1
YNL129W,NRK1
YNR009W,NRM1
YNL156C,NSG2
YNL091W,NST1
YNL099C,OCA1
YNL056W,OCA2
YNL261W,ORC5
YNR076W,PAU6
YNL015W,PBI2
YNL181W,PBR1
YNL289W,PCL1
YNL231C,PDR16
YNL264C,PDR17
YNR070W,PDR18
YNR045W,PET494
YNL003C,PET8
YNL214W,PEX17
YNL329C,PEX6
YNL326C,PFA3
YNL317W,PFS2
YNL158W,PGA1
YNL149C,PGA2
YNL316C,PHA2
YNL097C,PHO23
YNR013C,PHO91
YNL267W,PIK1
YNL097C-B,PLS1
YNL082W,PMS1
YNL102W,POL1
YNL262W,POL2
YNL221C,POP1
YNR052C,POP2
YNL282W,POP3
YNL055C,POR1
YNR032W,PPG1
YNL217W,PPN2
YNL279W,PRM1
YNR011C,PRP2
YNL169C,PSD1
YNL201C,PSY2
YNL016W,PUB1
YNR062C,PUL3
YNR063W,PUL4
YNL292W,PUS4
YNL010W,PYP1
YNL250W,RAD50
YNL216W,RAP1
YNL098C,RAS2
YNR018W,RCF2
YNL022C,RCM1
YNL312W,RFA2
YNL290W,RFC3
YNL090W,RHO2
YNL180C,RHO5
YNL163C,RIA1
YNL294C,RIM21
YNL207W,RIO2
YNL002C,RLP7
YNL072W,RNH201
YNL248C,RPA49
YNL113W,RPC19
YNL151C,RPC31
YNR003C,RPC34
YNL330C,RPD3
YNL069C,RPL16B
YNL301C,RPL18B
YNL162W,RPL42A
YNL067W,RPL9B
YNL302C,RPS19B
YNL178W,RPS3
YNL096C,RPS7B
YNL213C,RRG9
YNL105W,RRT16
YNR037C,RSM19
YNL254C,RTC4
YNL206C,RTT106
YNL083W,SAL1
YNL026W,SAM50
YNR026C,SEC12
YNL272C,SEC2
YNL287W,SEC21
YNL049C,SFB2
YNL236W,SIN4
YNL257C,SIP3
YNL007C,SIS1
YNL032W,SIW14
YNL167C,SKO1
YNL311C,SKP2
YNL243W,SLA2
YNL047C,SLM2
YNL196C,SLZ1
YNR015W,SMM1
YNR023W,SNF12
YNL086W,SNN1
YNL334C,SNO2
YNL333W,SNZ2
YNR034W,SOL1
YNL126W,SPC98
YNL012W,SPO1
YNL204C,SPS18
YNL202W,SPS19
YNL224C,SQS1
YNL189W,SRP1
YNL138W,SRV2
YNL209W,SSB2
YNR031C,SSK2
YNL025C,SSN8
YNL222W,SSU72
YNL309W,STB1
YNL244C,SUI1
YNL066W,SUN4
YNR004W,SWM2
YNL081C,SWS2
YNL187W,SWT21
YNL087W,TCB2
YNL176C,TDA7
YNL128W,TEP1
YNL253W,TEX1
YNL332W,THI12
YNL139C,THO2
YNR017W,TIM23
YNL273W,TOF1
YNL131W,TOM22
YNL070W,TOM7
YNL121C,TOM70
YNL088W,TOP2
YNL300W,TOS6
YNL079C,TPM1
YNL299W,TRF5
YNR046W,TRM112
YNL186W,UBP10
YNL229C,URE2
YNR012W,URK1
YNL054W,VAC7
YNL212W,VID27
YNL321W,VNX1
YNR006W,VPS27
YNL246W,VPS75
YNL197C,WHI3
YNL283C,WSC2
YNL107W,YAF9
YNL154C,YCK2
YNL064C,YDJ1
YNL160W,YGP1
YNL263C,YIF1
YNL044W,YIP3
YNL304W,YPT11
YNL093W,YPT53
YNL339C,YRF1-6
YNL138W-A,YSF3
YNL237W,YTP1
YNL310C,ZIM17
YNR029C,ZNG1
YNR039C,ZRG17
YNL241C,ZWF1
YNL011C,YNL011C
YNL013C,YNL013C
YNL017C,YNL017C
YNL018C,YNL018C
YNL019C,YNL019C
YNL028W,YNL028W
YNL033W,YNL033W
YNL034W,YNL034W
YNL035C,YNL035C
YNL040W,YNL040W
YNL042W-B,YNL042W-B
YNL043C,YNL043C
YNL046W,YNL046W
YNL050C,YNL050C
YNL054W-A,YNL054W-A
YNL054W-B,YNL054W-B
YNL057W,YNL057W
YNL058C,YNL058C
YNL067W-A,YNL067W-A
YNL067W-B,YNL067W-B
YNL089C,YNL089C
YNL092W,YNL092W
YNL095C,YNL095C
YNL097W-A,YNL097W-A
YNL103W-A,YNL103W-A
YNL108C,YNL108C
YNL109W,YNL109W
YNL114C,YNL114C
YNL115C,YNL115C
YNL120C,YNL120C
YNL134C,YNL134C
YNL140C,YNL140C
YNL143C,YNL143C
YNL144C,YNL144C
YNL144W-A,YNL144W-A
YNL146C-A,YNL146C-A
YNL146W,YNL146W
YNL150W,YNL150W
YNL162W-A,YNL162W-A
YNL165W,YNL165W
YNL170W,YNL170W
YNL171C,YNL171C
YNL174W,YNL174W
YNL179C,YNL179C
YNL184C,YNL184C
YNL190W,YNL190W
YNL193W,YNL193W
YNL194C,YNL194C
YNL195C,YNL195C
YNL198C,YNL198C
YNL203C,YNL203C
YNL205C,YNL205C
YNL208W,YNL208W
YNL226W,YNL226W
YNL228W,YNL228W
YNL234W,YNL234W
YNL235C,YNL235C
YNL266W,YNL266W
YNL276C,YNL276C
YNL277W-A,YNL277W-A
YNL284C-A,YNL284C-A
YNL284C-B,YNL284C-B
YNL285W,YNL285W
YNL296W,YNL296W
YNL303W,YNL303W
YNL319W,YNL319W
YNL320W,YNL320W
YNL324W,YNL324W
YNL337W,YNL337W
YNL338W,YNL338W
YNL339W-A,YNL339W-A
YNL339W-B,YNL339W-B
YNR001W-A,YNR001W-A
YNR003W-A,YNR003W-A
YNR005C,YNR005C
YNR014W,YNR014W
YNR021W,YNR021W
YNR025C,YNR025C
YNR042W,YNR042W
YNR048W,YNR048W
YNR061C,YNR061C
YNR064C,YNR064C
YNR065C,YNR065C
YNR066C,YNR066C
YNR068C,YNR068C
YNR071C,YNR071C
YNR075C-A,YNR075C-A
YNR077C,YNR077C
YOL165C,AAD15
YOR239W,ABP140
YOR128C,ADE2
YOL086C,ADH1
YOR129C,AFI1
YOR023C,AHC1
YOL053W,AIM39
YOR215C,AIM41
YOR034C,AKR2
YOR335C,ALA1
YOR374W,ALD4
YOR175C,ALE1
YOR002W,ALG6
YOR067C,ALG8
YOL130W,ALR1
YOR378W,AMF1
YOR249C,APC5
YOL062C,APM4
YOR094W,ARF3
YOL058W,ARG1
YOL140W,ARG8
YOR141C,ARP8
YOR058C,ASE1
YOR377W,ATF1
YOL082W,ATG19
YOL083W,ATG34
YOR152C,ATG40
YOL077W-A,ATP19
YOR079C,ATX2
YOR011W,AUS1
YOL078W,AVO1
YOR113W,AZF1
YOR134W,BAG7
YOL164W,BDS1
YOR198C,BFR1
YOR304C-A,BIL1
YOL077C,BRX1
YOL137W,BSC6
YOR026W,BUB3
YOR078W,BUD21
YOR299W,BUD7
YOR276W,CAF20
YOR125C,CAT5
YOR074C,CDC21
YOR257W,CDC31
YOL139C,CDC33
YOR112W,CEX1
YOR114W,CIM1
YOR349W,CIN1
YOR028C,CIN5
YOR356W,CIR2
YOR061W,CKA2
YOR039W,CKB2
YOR250C,CLP1
YOL016C,CMK2
YOR093C,CMR2
YOL008W,COQ10
YOL096C,COQ3
YOR316C,COT1
YOR303W,CPA1
YOR100C,CRC1
YOR031W,CRS5
YOL063C,CRT10
YOL007C,CSI2
YOL159C,CSS3
YOL145C,CTR9
YOR042W,CUE5
YOR037W,CYC2
YOR065W,CYT1
YOR046C,DBP5
YOR180C,DCI1
YOL149W,DCP1
YOR173W,DCS2
YOR022C,DDL1
YOR163W,DDP1
YOL052C-A,DDR2
YOR204W,DED1
YOR030W,DFG16
YOR236W,DFR1
YOR245C,DGA1
YOR311C,DGK1
YOR080W,DIA2
YOL021C,DIS3
YOR005C,DNL4
YOL073C,DSC2
YOR223W,DSC3
YOR264W,DSE3
YOL087C,DUF1
YOR092W,ECM3
YOR133W,EFT1
YOR144C,ELG1
YOL158C,ENB1
YOR246C,ENV9
YOR016C,ERP4
YOR393W,ERR1
YOR244W,ESA1
YOL017W,ESC8
YOR051C,ETT1
YOR033C,EXO1
YOR317W,FAA1
YOR388C,FDH1
YOR390W,FEX1
YOR382W,FIT2
YOR383C,FIT3
YOR381W,FRE3
YOR384W,FRE5
YOL152W,FRE7
YOR324C,FRT1
YOR271C,FSF1
YOR280C,FSH3
YOR183W,FYV12
YOR178C,GAC1
YOL051W,GAL11
YOL132W,GAS4
YOL030W,GAS5
YOR260W,GCD1
YOR120W,GCY1
YOR375C,GDH1
YOR355W,GDS1
YOR205C,GEP3
YOR164C,GET4
YOR168W,GLN4
YOR040W,GLO4
YOR320C,GNT1
YOR371C,GPB1
YOL059W,GPD2
YOL056W,GPM3
YOR262W,GPN2
YOL151W,GRE2
YOL049W,GSH2
YOR185C,GSP2
YOR070C,GYP1
YOL089C,HAL9
YOR358W,HAP5
YOR176W,HEM15
YOR278W,HEM4
YOR227W,HER1
YOR237W,HES1
YOR038C,HIR2
YOR202W,HIS3
YOL095C,HMI1
YOR032C,HMS1
YOR258W,HNT3
YOL155C,HPF1
YOL013C,HRD1
YOR267C,HRK1
YOL123W,HRP1
YOL133W,HRT1
YOR319W,HSH49
YOR020C,HSP10
YOR391C,HSP33
YOL068C,HST1
YOR025W,HST3
YOL012C,HTZ1
YOR284W,HUA2
YOL156W,HXT11
YOR126C,IAH1
YOR136W,IDH2
YOR189W,IES4
YOL023W,IFM1
YOL157C,IMA2
YOL108C,INO4
YOR109W,INP53
YOL065C,INP54
YOL081W,IRA2
YOL015W,IRC10
YOR013W,IRC11
YOR235W,IRC13
YOR135C,IRC14
YOR044W,IRC23
YOR155C,ISN1
YOR226C,ISU2
YOR304W,ISW2
YOL103W,ITR2
YOL002C,IZH2
YOL101C,IZH4
YOR233W,KIN4
YOR336W,KRE5
YOR099W,KTR1
YOL025W,LAG2
YOR181W,LAS17
YOR171C,LCB4
YOR322C,LDB19
YOL047C,LDS2
YOR123C,LEO1
YOR108W,LEU9
YOR196C,LIP5
YOR059C,LPL1
YOR084W,LPX1
YOR142W,LSC1
YOL060C,MAM3
YOR298C-A,MBF1
YOR197W,MCA1
YOL119C,MCH4
YOR306C,MCH5
YOR020W-A,MCO10
YOR228C,MCP1
YOR221C,MCT1
YOL126C,MDH2
YOL009C,MDM12
YOL076W,MDM20
YOR147W,MDM32
YOL027C,MDM38
YOL111C,MDY2
YOR174W,MED4
YOL135C,MED7
YOR351C,MEK1
YOL064C,MET22
YOR241W,MET7
YOR232W,MGE1
YOR211C,MGM1
YOL086W-A,MHF1
YOL026C,MIM1
YOR330C,MIP1
YOR231W,MKK1
YOR350C,MNE1
YOR274W,MOD5
YOR177C,MPC54
YOR288C,MPD1
YOL088C,MPD2
YOR201C,MRM1
YOR150W,MRPL23
YOR334W,MRS2
YOR370C,MRS6
YOR066W,MSA1
YOR188W,MSB1
YOL112W,MSB4
YOR354C,MSC6
YOL033W,MSE1
YOL090W,MSH2
YOL116W,MSN1
YOR160W,MTR10
YOR298W,MUM3
YOR326W,MYO2
YOR253W,NAT5
YOL070C,NBA1
YOR372C,NDD1
YOL104C,NDJ1
YOR156C,NFI1
YOL042W,NGL1
YOR056C,NOB1
YOR206W,NOC2
YOL041C,NOP12
YOR310C,NOP58
YOL144W,NOP8
YOR209C,NPT1
YOR071C,NRT1
YOL043C,NTG2
YOR373W,NUD1
YOL069W,NUF2
YOR098C,NUP1
YOR222W,ODC2
YOL032W,OPI10
YOR130C,ORT1
YOR103C,OST2
YOR085W,OST3
YOR255W,OSW1
YOR269W,PAC1
YOL115W,PAP2
YOL161C,PAU20
YOR394W,PAU21
YOR360C,PDE2
YOR328W,PDR10
YOR153W,PDR5
YOR036W,PEP12
YOR158W,PET123
YOR017W,PET127
YOL147C,PEX11
YOL044W,PEX15
YOR193W,PEX27
YOL003C,PFA4
YOL136C,PFK27
YOR122C,PFY1
YOL084W,PHM7
YOL001W,PHO80
YOR386W,PHR1
YOR104W,PIN2
YOR363C,PIP2
YOL100W,PKH2
YOL011W,PLB3
YOR281C,PLP2
YOR321W,PMT3
YOR145C,PNO1
YOR161C,PNS1
YOR266W,PNT1
YOL141W,PPM2
YOR362C,PRE10
YOL038W,PRE6
YOR323C,PRO2
YOL061W,PRS5
YOR361C,PRT1
YOL146W,PSF3
YOL054W,PSH1
YOL045W,PSK2
YOR090C,PTC5
YOL114C,PTH4
YOR208W,PTP2
YOR157C,PUP1
YOR243C,PUS7
YOR348C,PUT4
YOR347C,PYK2
YOR368W,RAD17
YOR101W,RAS1
YOR048C,RAT1
YOR301W,RAX1
YOR265W,RBL2
YOL010W,RCL1
YOR220W,RCN2
YOR285W,RDL1
YOR286W,RDL2
YOR380W,RDR1
YOR207C,RET1
YOR346W,REV1
YOL080C,REX4
YOR217W,RFC1
YOL094C,RFC4
YOR279C,RFM1
YOR127W,RGA1
YOR107W,RGS2
YOL066C,RIB2
YOL143C,RIB4
YOR275C,RIM20
YOR119C,RIO1
YOR095C,RKI1
YOR018W,ROD1
YOR341W,RPA190
YOR340C,RPA43
YOR210W,RPB10
YOL005C,RPB11
YOR151C,RPB2
YOR224C,RPB8
YOL120C,RPL18A
YOR312C,RPL20B
YOL127W,RPL25
YOR063W,RPL3
YOR234C,RPL33B
YOR261C,RPN8
YOR116C,RPO31
YOL039W,RPP2A
YOR293W,RPS10A
YOR369C,RPS12
YOL040C,RPS15
YOL121C,RPS19A
YOR167C,RPS28A
YOR182C,RPS30B
YOR096W,RPS7A
YOR259C,RPT4
YOR117W,RPT5
YOR305W,RRG7
YOL117W,RRI2
YOR287C,RRP36
YOL142W,RRP40
YOR001W,RRP6
YOR294W,RRS1
YOL048C,RRT8
YOR049C,RSB1
YOL138C,RTC1
YOR118W,RTC5
YOL067C,RTG1
YOR014W,RTS1
YOR077W,RTS2
YOR216C,RUD3
YOR138C,RUP1
YOR213C,SAS5
YOR329C,SCD5
YOR367W,SCP1
YOL098C,SDD3
YOL071W,SDH5
YOR254C,SEC63
YOR184W,SER1
YOR165W,SEY1
YOR315W,SFG1
YOR140W,SFL1
YOR021C,SFM1
YOR073W,SGO1
YOR057W,SGT1
YOR007C,SGT2
YOR035C,SHE4
YOL110W,SHR5
YOR137C,SIA1
YOL031C,SIL1
YOL004W,SIN3
YOR076C,SKI7
YOL113W,SKM1
YOR060C,SLD7
YOR008C,SLG1
YOR195W,SLK19
YOR154W,SLP1
YOR307C,SLY41
YOL034W,SMC5
YOR159C,SME1
YOL122C,SMF1
YOR149C,SMP3
YOR327C,SNC2
YOR290C,SNF2
YOR308C,SNU66
YOR357C,SNX3
YOR353C,SOG2
YOL052C,SPE2
YOL091W,SPO21
YOR148C,SPP2
YOR190W,SPR1
YOR214C,SPR2
YOR313C,SPS4
YOL148C,SPT20
YOR247W,SRL1
YOR242C,SSP2
YOR047C,STD1
YOR219C,STE13
YOR212W,STE4
YOR027W,STI1
YOR166C,SWT1
YOR179C,SYC1
YOL020W,TAT2
YOR086C,TCB1
YOR337W,TEA1
YOR352W,TFB6
YOR110W,TFC7
YOR081C,TGL5
YOL055C,THI20
YOR192C,THI72
YOR143C,THI80
YOL072W,THP1
YOR297C,TIM18
YOR010C,TIR2
YOR009W,TIR4
YOL018C,TLG2
YOR252W,TMA16
YOR091W,TMA46
YOR052C,TMC1
YOR194C,TOA1
YOR045W,TOM6
YOL006C,TOP1
YOL019W,TOS7
YOR273C,TPO4
YOL102C,TPT1
YOR256C,TRE2
YOL093W,TRM10
YOL124C,TRM11
YOL125W,TRM13
YOR115C,TRS33
YOR006C,TSR3
YOL022C,TSR4
YOR187W,TUF1
YOR251C,TUM1
YOR344C,TYE7
YOR295W,UAF30
YOR339C,UBC11
YOR124C,UBP2
YOR075W,UFE1
YOR191W,ULS1
YOR004W,UTP23
YOR068C,VAM10
YOR106W,VAM3
YOR054C,VHS3
YOR332W,VMA4
YOR270C,VPH1
YOR132W,VPS17
YOR089C,VPS21
YOR069W,VPS5
YOL129W,VPS68
YOR359W,VTS1
YOR043W,WHI2
YOR083W,WHI5
YOL097C,WRS1
YOL105C,WSC3
YOR230W,WTM1
YOR229W,WTM2
YOL028C,YAP7
YOL128C,YGK3
YOR064C,YNG1
YOR291W,YPK9
YOL092W,YPQ1
YOR396W,YRF1-8
YOR172W,YRM1
YOR162C,YRR1
YOR003W,YSP3
YOR272W,YTM1
YOR087W,YVC1
YOL109W,ZEO1
YOL154W,ZPS1
YOL013W-A,YOL013W-A
YOL013W-B,YOL013W-B
YOL014W,YOL014W
YOL019W-A,YOL019W-A
YOL024W,YOL024W
YOL029C,YOL029C
YOL035C,YOL035C
YOL036W,YOL036W
YOL037C,YOL037C
YOL038C-A,YOL038C-A
YOL046C,YOL046C
YOL050C,YOL050C
YOL057W,YOL057W
YOL075C,YOL075C
YOL079W,YOL079W
YOL083C-A,YOL083C-A
YOL085C,YOL085C
YOL085W-A,YOL085W-A
YOL097W-A,YOL097W-A
YOL099C,YOL099C
YOL103W-A,YOL103W-A
YOL103W-B,YOL103W-B
YOL106W,YOL106W
YOL107W,YOL107W
YOL118C,YOL118C
YOL131W,YOL131W
YOL134C,YOL134C
YOL150C,YOL150C
YOL153C,YOL153C
YOL155W-A,YOL155W-A
YOL159C-A,YOL159C-A
YOL160W,YOL160W
YOL162W,YOL162W
YOL163W,YOL163W
YOL164W-A,YOL164W-A
YOL166C,YOL166C
YOL166W-A,YOL166W-A
YOR008C-A,YOR008C-A
YOR008W-B,YOR008W-B
YOR011W-A,YOR011W-A
YOR012W,YOR012W
YOR015W,YOR015W
YOR019W,YOR019W
YOR024W,YOR024W
YOR029W,YOR029W
YOR032W-A,YOR032W-A
YOR034C-A,YOR034C-A
YOR041C,YOR041C
YOR050C,YOR050C
YOR053W,YOR053W
YOR055W,YOR055W
YOR062C,YOR062C
YOR072W,YOR072W
YOR072W-A,YOR072W-A
YOR072W-B,YOR072W-B
YOR073W-A,YOR073W-A
YOR082C,YOR082C
YOR088W,YOR088W
YOR097C,YOR097C
YOR102W,YOR102W
YOR105W,YOR105W
YOR108C-A,YOR108C-A
YOR111W,YOR111W
YOR121C,YOR121C
YOR131C,YOR131C
YOR139C,YOR139C
YOR142W-A,YOR142W-A
YOR142W-B,YOR142W-B
YOR146W,YOR146W
YOR161C-C,YOR161C-C
YOR161W-A,YOR161W-A
YOR161W-B,YOR161W-B
YOR169C,YOR169C
YOR170W,YOR170W
YOR186C-A,YOR186C-A
YOR186W,YOR186W
YOR192C-A,YOR192C-A
YOR192C-B,YOR192C-B
YOR192C-C,YOR192C-C
YOR199W,YOR199W
YOR200W,YOR200W
YOR203W,YOR203W
YOR218C,YOR218C
YOR225W,YOR225W
YOR231C-A,YOR231C-A
YOR238W,YOR238W
YOR240W,YOR240W
YOR248W,YOR248W
YOR263C,YOR263C
YOR268C,YOR268C
YOR277C,YOR277C
YOR282W,YOR282W
YOR283W,YOR283W
YOR289W,YOR289W
YOR292C,YOR292C
YOR293C-A,YOR293C-A
YOR296W,YOR296W
YOR300W,YOR300W
YOR302W,YOR302W
YOR309C,YOR309C
YOR314W,YOR314W
YOR314W-A,YOR314W-A
YOR316C-A,YOR316C-A
YOR318C,YOR318C
YOR325W,YOR325W
YOR329W-A,YOR329W-A
YOR331C,YOR331C
YOR333C,YOR333C
YOR335W-A,YOR335W-A
YOR338W,YOR338W
YOR342C,YOR342C
YOR343C,YOR343C
YOR343W-A,YOR343W-A
YOR343W-B,YOR343W-B
YOR345C,YOR345C
YOR364W,YOR364W
YOR365C,YOR365C
YOR366W,YOR366W
YOR376W,YOR376W
YOR376W-A,YOR376W-A
YOR379C,YOR379C
YOR381W-A,YOR381W-A
YOR385W,YOR385W
YOR387C,YOR387C
YOR389W,YOR389W
YOR392W,YOR392W
YOR394C-A,YOR394C-A
YOR396C-A,YOR396C-A
YPL267W,ACM1
YPL005W,AEP3
YPL202C,AFT2
YPR021C,AGC1
YPL158C,AIM44
YPR004C,AIM45
YPL061W,ALD6
YPL227C,ALG5
YPR128C,ANT1
YPR180W,AOS1
YPR029C,APL4
YPL195W,APL5
YPL259C,APM1
YPR192W,AQY1
YPL051W,ARL3
YPR060C,ARO7
YPR034W,ARP7
YPR199C,ARR1
YPR200C,ARR2
YPR201W,ARR3
YPR085C,ASA1
YPR145W,ASN1
YPR093C,ASR1
YPR049C,ATG11
YPR185W,ATG13
YPL100W,ATG21
YPL166W,ATG29
YPL250C,ATG41
YPL149W,ATG5
YPR026W,ATH1
YPL271W,ATP15
YPR020W,ATP20
YPL078C,ATP4
YPR122W,AXL1
YPL255W,BBP1
YPL115C,BEM3
YPL161C,BEM4
YPR176C,BET2
YPL217C,BMS1
YPL084W,BRO1
YPR057W,BRR1
YPR171W,BSP1
YPL069C,BTS1
YPL048W,CAM1
YPL111W,CAR1
YPL178W,CBC2
YPL215W,CBP3
YPR025C,CCL1
YPL160W,CDC60
YPL228W,CET1
YPL008W,CHL1
YPL241C,CIN2
YPL014W,CIP1
YPR001W,CIT3
YPR119W,CLB2
YPR120C,CLB5
YPL256C,CLN2
YPR013C,CMR3
YPL189C-A,COA2
YPR105C,COG4
YPL172C,COX10
YPL132W,COX11
YPL109C,CQD1
YPR174C,CSA1
YPL200W,CSM4
YPR030W,CSR2
YPL018W,CTF19
YPR135W,CTF4
YPL181W,CTI6
YPR124W,CTR1
YPL260W,CUB1
YPL177C,CUP9
YPR158W,CUR1
YPL064C,CWC27
YPL170W,DAP1
YPR111W,DBF20
YPL119C,DBP1
YPL194W,DDC1
YPR082C,DIB1
YPL049C,DIG1
YPL266W,DIM1
YPL265W,DIP5
YPR175W,DPB2
YPL107W,DPC25
YPR183W,DPM1
YPR017C,DSS4
YPR023C,EAF3
YPL021W,ECM23
YPL095C,EEB1
YPL037C,EGD1
YPL046C,ELC1
YPL086C,ELP3
YPL101W,ELP4
YPL236C,ENV7
YPL028W,ERG10
YPL096C-A,ERI1
YPL281C,ERR2
YPR037C,ERV2
YPL231W,FAS2
YPR062W,FCY1
YPL275W,FDH2
YPL279C,FEX2
YPR104C,FHL1
YPL221W,FLC1
YPL103C,FMP30
YPL222W,FMP40
YPL141C,FRK1
YPL262W,FUM1
YPL248C,GAL4
YPL075W,GCR1
YPR184W,GDB1
YPL110C,GDE1
YPL137C,GIP3
YPR109W,GLD1
YPR035W,GLN1
YPL091W,GLR1
YPR160W,GPH1
YPL076W,GPI2
YPL223C,GRE1
YPR081C,GRS2
YPL059W,GRX5
YPL189W,GUP2
YPL249C,GYP5
YPR008W,HAA1
YPR005C,HAL1
YPL001W,HAT1
YPR179C,HDA3
YPL254W,HFI1
YPL127C,HHO1
YPR117W,HOB2
YPR068C,HOS1
YPL116W,HOS3
YPR193C,HPA2
YPL204W,HRR25
YPL280W,HSP32
YPL240C,HSP82
YPL015C,HST2
YPL067C,HTC1
YPR033C,HTS1
YPL244C,HUT1
YPR006C,ICL2
YPL117C,IDI1
YPL099C,INA17
YPL209C,IPL1
YPL242C,IQG1
YPL017C,IRC15
YPR038W,IRC16
YPR067W,ISA2
YPL040C,ISM1
YPR106W,ISR1
YPL135W,ISU1
YPR061C,JID1
YPR169W,JIP5
YPL125W,KAP120
YPR141C,KAR3
YPL269W,KAR9
YPL263C,KEL3
YPL145C,KES1
YPL155C,KIP2
YPR159W,KRE6
YPL053C,KTR6
YPL056C,LCL1
YPL213W,LEA1
YPR097W,LEC1
YPL054W,LEE1
YPL055C,LGE1
YPR139C,LOA1
YPL004C,LSP1
YPR073C,LTP1
YPR051W,MAK3
YPR153W,MAY24
YPR046W,MCM16
YPR019W,MCM4
YPL270W,MDL2
YPR083W,MDM36
YPR070W,MED1
YPL121C,MEI5
YPR138C,MEP3
YPL023C,MET12
YPR167C,MET16
YPL038W,MET31
YPL169C,MEX67
YPL187W,MF(ALPHA)1
YPL060W,MFM1
YPL098C,MGR2
YPR010C-A,MIN8
YPL191C,MIY2
YPL140C,MKK2
YPR188C,MLC2
YPL164C,MLH3
YPR164W,MMS1
YPL224C,MMT2
YPL050C,MNN9
YPL082C,MOT1
YPR112C,MRD1
YPR118W,MRI1
YPR079W,MRL1
YPL184C,MRN1
YPR166C,MRP2
YPL118W,MRP51
YPL173W,MRPL40
YPR100W,MRPL51
YPL013C,MRPS16
YPL041C,MRX11
YPR011C,MRX21
YPL168W,MRX4
YPL104W,MSD1
YPR047W,MSF1
YPR134W,MSS18
YPL097W,MSY1
YPL070W,MUK1
YPL190C,NAB3
YPL126W,NAN1
YPR131C,NAT3
YPR155C,NCA2
YPR149W,NCE102
YPL006W,NCR1
YPL226W,NEW1
YPR052C,NHP6A
YPL174C,NIP100
YPL211W,NIP7
YPR144C,NOC4
YPL093W,NOG1
YPL043W,NOP4
YPL146C,NOP53
YPR072W,NOT5
YPL233W,NSL1
YPR031W,NTO1
YPR168W,NUT2
YPR091C,NVJ2
YPL052W,OAZ1
YPL134C,ODC1
YPR044C,OPI11
YPR194C,OPT2
YPR075C,OPY2
YPR162C,ORC4
YPL196W,OXR1
YPL171C,OYE3
YPL282C,PAU22
YPL272C,PBI1
YPL219W,PCL8
YPR002W,PDH1
YPL058C,PDR12
YPL154C,PEP4
YPL159C,PET20
YPL112C,PEX25
YPL206C,PGC1
YPL031C,PHO85
YPR154W,PIN3
YPR113W,PIS1
YPL268W,PLC1
YPL036W,PMA2
YPL096W,PNG1
YPL144W,POC4
YPL188W,POS5
YPL179W,PPQ1
YPL148C,PPT2
YPR103W,PRE2
YPL192C,PRM3
YPL156C,PRM4
YPR178W,PRP4
YPL151C,PRP46
YPR042C,PUF2
YPL212C,PUS1
YPL147W,PXA1
YPR186C,PZF1
YPR191W,QCR2
YPL022W,RAD1
YPL153C,RAD53
YPL246C,RBD2
YPL133C,RDS2
YPR094W,RDS3
YPR007C,REC8
YPL010W,RET3
YPL167C,REV3
YPR115W,RGC1
YPL066W,RGL1
YPR165W,RHO1
YPL208W,RKM1
YPR018W,RLF2
YPL089C,RLM1
YPL024W,RMI1
YPL123C,RNY1
YPR065W,ROX1
YPR010C,RPA135
YPR110C,RPC40
YPR190C,RPC82
YPR102C,RPL11A
YPL220W,RPL1A
YPL079W,RPL21B
YPL143W,RPL33A
YPL249C-A,RPL36B
YPR043W,RPL43A
YPL131W,RPL5
YPL198W,RPL7B
YPR108W,RPN7
YPR187W,RPO26
YPR132W,RPS23B
YPL090C,RPS6A
YPL081W,RPS9A
YPL009C,RQC2
YPL152W,RRD2
YPR116W,RRG8
YPL012W,RRP12
YPR143W,RRP15
YPR137W,RRP9
YPL193W,RSA1
YPL183W-A,RTC6
YPL183C,RTT10
YPL235W,RVB2
YPL274W,SAM3
YPL273W,SAM4
YPL218W,SAR1
YPR129W,SCD6
YPR022C,SDD4
YPL085W,SEC16
YPR181C,SEC23
YPL094C,SEC62
YPR055W,SEC8
YPL083C,SEN54
YPL165C,SET6
YPR198W,SGE1
YPL047W,SGF11
YPR161C,SGV1
YPR189W,SKI3
YPL026C,SKS1
YPL027W,SMA1
YPR054W,SMK1
YPR182W,SMX3
YPL002C,SNF8
YPR101W,SNT309
YPL124W,SPC29
YPR069C,SPE3
YPR133C,SPN1
YPL130W,SPO19
YPR036W-A,SPO24
YPL138C,SPP1
YPL175W,SPT14
YPL033C,SRL4
YPR032W,SRO7
YPR088C,SRP54
YPL243W,SRP68
YPL210C,SRP72
YPL106C,SSE1
YPL042C,SSN3
YPL232W,SSO1
YPL092W,SSU1
YPR086W,SUA7
YPR151C,SUE1
YPL237W,SUI3
YPL057C,SUR1
YPR009W,SUT2
YPL029W,SUV3
YPL032C,SVL3
YPL163C,SVS1
YPL016W,SWI1
YPL105C,SYH1
YPR095C,SYT1
YPL129W,TAF14
YPL011C,TAF3
YPR048W,TAH18
YPR140W,TAZ1
YPL128C,TBF1
YPL180W,TCO89
YPR157W,TDA6
YPR080W,TEF1
YPL122C,TFB2
YPR056W,TFB4
YPL007C,TFC8
YPL157W,TGS1
YPL258C,THI21
YPR121W,THI22
YPL214C,THI6
YPR045C,THP3
YPR163C,TIF3
YPR041W,TIF5
YPR016C,TIF6
YPL063W,TIM50
YPR040W,TIP41
YPR074C,TKL1
YPR098C,TMH18
YPR133W-A,TOM5
YPL203W,TPK2
YPR156C,TPO3
YPL176C,TRE1
YPL030W,TRM44
YPL207W,TYW1
YPR066W,UBA3
YPL072W,UBP16
YPL186C,UIP4
YPL003W,ULA1
YPL020C,ULP1
YPL139C,UME1
YPR152C,URN1
YPL230W,USV1
YPL253C,VIK1
YPL234C,VMA11
YPR036W,VMA13
YPL045W,VPS16
YPL065W,VPS28
YPL120W,VPS30
YPR173C,VPS4
YPR087W,VPS69
YPL019C,VTC3
YPL252C,YAH1
YPL239W,YAR1
YPL087W,YDC1
YPL201C,YIG1
YPR125W,YLH47
YPR058W,YMC1
YPR024W,YME1
YPR028W,YOP1
YPL283C,YRF1-7
YPL074W,YTA6
YPR107C,YTH1
YPL025C,YPL025C
YPL034W,YPL034W
YPL035C,YPL035C
YPL038W-A,YPL038W-A
YPL039W,YPL039W
YPL044C,YPL044C
YPL052W-A,YPL052W-A
YPL060C-A,YPL060C-A
YPL062W,YPL062W
YPL068C,YPL068C
YPL071C,YPL071C
YPL073C,YPL073C
YPL077C,YPL077C
YPL080C,YPL080C
YPL088W,YPL088W
YPL102C,YPL102C
YPL108W,YPL108W
YPL113C,YPL113C
YPL114W,YPL114W
YPL119C-A,YPL119C-A
YPL135C-A,YPL135C-A
YPL136W,YPL136W
YPL142C,YPL142C
YPL150W,YPL150W
YPL152W-A,YPL152W-A
YPL162C,YPL162C
YPL182C,YPL182C
YPL185W,YPL185W
YPL197C,YPL197C
YPL199C,YPL199C
YPL205C,YPL205C
YPL216W,YPL216W
YPL222C-A,YPL222C-A
YPL225W,YPL225W
YPL229W,YPL229W
YPL238C,YPL238C
YPL245W,YPL245W
YPL247C,YPL247C
YPL250W-A,YPL250W-A
YPL251W,YPL251W
YPL257W,YPL257W
YPL257W-A,YPL257W-A
YPL257W-B,YPL257W-B
YPL261C,YPL261C
YPL264C,YPL264C
YPL276W,YPL276W
YPL277C,YPL277C
YPL278C,YPL278C
YPL283W-A,YPL283W-A
YPL283W-B,YPL283W-B
YPR002C-A,YPR002C-A
YPR003C,YPR003C
YPR012W,YPR012W
YPR014C,YPR014C
YPR015C,YPR015C
YPR016W-A,YPR016W-A
YPR027C,YPR027C
YPR039W,YPR039W
YPR050C,YPR050C
YPR053C,YPR053C
YPR059C,YPR059C
YPR063C,YPR063C
YPR064W,YPR064W
YPR071W,YPR071W
YPR074W-A,YPR074W-A
YPR076W,YPR076W
YPR077C,YPR077C
YPR078C,YPR078C
YPR084W,YPR084W
YPR089W,YPR089W
YPR090W,YPR090W
YPR092W,YPR092W
YPR096C,YPR096C
YPR099C,YPR099C
YPR108W-A,YPR108W-A
YPR114W,YPR114W
YPR123C,YPR123C
YPR126C,YPR126C
YPR127W,YPR127W
YPR130C,YPR130C
YPR136C,YPR136C
YPR137C-A,YPR137C-A
YPR137C-B,YPR137C-B
YPR142C,YPR142C
YPR145C-A,YPR145C-A
YPR146C,YPR146C
YPR147C,YPR147C
YPR148C,YPR148C
YPR150W,YPR150W
YPR158C-C,YPR158C-C
YPR158C-D,YPR158C-D
YPR158W-A,YPR158W-A
YPR158W-B,YPR158W-B
YPR159C-A,YPR159C-A
YPR160C-A,YPR160C-A
YPR160W-A,YPR160W-A
YPR169W-A,YPR169W-A
YPR170C,YPR170C
YPR170W-A,YPR170W-A
YPR170W-B,YPR170W-B
YPR172W,YPR172W
YPR177C,YPR177C
YPR195C,YPR195C
YPR196W,YPR196W
YPR197C,YPR197C
YPR202W,YPR202W
YPR203W,YPR203W
YPR204C-A,YPR204C-A
YPR204W,YPR204W